Name,Type,ALIGNMENT,Size,CR,AC,HP,Spellcasting?,Attack 1 damage,Attack 2 Damage,Page,CR (Decimal),Arctic,Coast,Desert,Forest,Grassland,Hill,Mountain,Swamp,Underdark,Underwater,Urban,Book
Aarakocra,Humanoid,NG,Medium,1/4,12,13,NO,1d4+2,1d6+2,12,0.25,NO,NO,NO,NO,NO,NO,YES,NO,NO,NO,NO,Monster Manual
Abjurer,Humanoid,ANY,Medium,9,12,84,YES,1d6-1,N/A,209,,NO,NO,NO,NO,NO,NO,NO,NO,NO,NO,YES,Volo's Guide to Monsters
Aboleth,Aberration,LE,Large,10,17,135,NO,2d6+5,3d6+5,13,10.00,NO,NO,NO,NO,NO,NO,NO,NO,YES,NO,NO,Monster Manual
Abominable Yeti,Monstrosity,CE,Huge,9,15,137,NO,4d6+7,6d6,306,9.00,YES,NO,NO,NO,NO,NO,NO,NO,NO,NO,NO,Monster Manual
Acolyte,Humanoid,ANY,Medium,1/4,10,9,YES,1d4,N/A,342,0.25,NO,NO,NO,NO,NO,NO,NO,NO,NO,NO,YES,Monster Manual
Air Elemental,Elemental,N,Large,5,15,90,NO,2d8+5,3d8+2,124,5.00,NO,NO,YES,NO,NO,NO,YES,NO,NO,NO,NO,Monster Manual
Alhoon,Undead,ANY EVIL,Medium,10,15,120,YES,3d6,4d8+4,172,,NO,NO,NO,NO,NO,NO,NO,NO,YES,NO,NO,Volo's Guide to Monsters
Allosaurus,Beast,U,Large,2,13,51,NO,2d10+4,1d8+4,79,2.00,NO,NO,NO,NO,YES,NO,NO,NO,NO,NO,NO,Monster Manual
Androsphinx,Monstrosity,LN,Large,17,17,199,YES,2d10+6,N/A,281,17.00,NO,NO,YES,NO,NO,NO,NO,NO,NO,NO,NO,Monster Manual
Animated Armor,Construct,U,Medium,1,18,33,NO,1d6+2,N/A,19,1.00,NO,NO,NO,NO,NO,NO,NO,NO,NO,NO,NO,Monster Manual
Ankheg,Monstrosity,U,Large,2,14,39,NO,3d6+3,3d6,21,2.00,NO,NO,NO,YES,YES,NO,NO,NO,NO,NO,NO,Monster Manual
Ankylosaurus,Beast,U,Huge,3,15,68,NO,4d6+4,N/A,79,3.00,NO,NO,NO,NO,YES,NO,NO,NO,NO,NO,NO,Monster Manual
Annis Hag,Fey,CE,Large,6,17,75,YES,3d6+5,3d6+5,159,,NO,NO,NO,NO,NO,YES,YES,NO,NO,NO,NO,Volo's Guide to Monsters
Ape,Beast,U,Medium,1/2,12,19,NO,1d6+3,1d6+3,317,0.50,NO,NO,NO,YES,NO,NO,NO,NO,NO,NO,NO,Monster Manual
Apprentice Wizard,Humanoid,ANY,Medium, 1/4,10,9,YES,1d4,N/A,209,,NO,NO,NO,NO,NO,NO,NO,NO,NO,NO,YES,Volo's Guide to Monsters
Arcanaloth,Fiend,NE,Medium,12,17,104,YES,2d4+3,N/A,313,12.00,NO,NO,NO,NO,NO,NO,NO,NO,NO,NO,NO,Monster Manual
Archdruid,Humanoid,ANY,Medium,12,19,132,YES,1d6+2,N/A,210,,NO,NO,NO,YES,NO,NO,YES,YES,NO,YES,NO,Volo's Guide to Monsters
Archer,Humanoid,ANY,Medium,3,16,75,NO,1d6+4,1d8+4,210,,NO,NO,NO,YES,NO,NO,NO,NO,NO,NO,YES,Volo's Guide to Monsters
Archmage,Humanoid,ANY,Medium,12,12,99,YES,1d4+2,N/A,342,12.00,NO,NO,NO,NO,NO,NO,NO,NO,NO,NO,NO,Monster Manual
Assassin,Humanoid,NOT GOOD,Medium,8,15,78,NO,1d6+3,1d8+3,343,8.00,NO,NO,NO,NO,NO,NO,NO,NO,NO,NO,YES,Monster Manual
Auroch,Beast,U,Large,2,11,38,NO,2d8+5,N/A,207,,NO,NO,NO,NO,YES,YES,YES,NO,NO,NO,NO,Volo's Guide to Monsters
Awakened Shrub,Plant,U,Small,0,9,10,NO,1d4-1,N/A,317,0.00,NO,NO,NO,YES,NO,NO,NO,NO,NO,NO,NO,Monster Manual
Awakened Tree,Plant,U,Huge,2,13,59,NO,3d6+4,N/A,317,2.00,NO,NO,NO,YES,NO,NO,NO,NO,NO,NO,NO,Monster Manual
Axe Beak,Beast,U,Large,1/4,11,19,NO,1d8+2,N/A,317,0.25,NO,NO,NO,NO,YES,YES,NO,NO,NO,NO,NO,Monster Manual
Azer,Elemental,LN,Medium,2,17,39,NO,1d8+3,N/A,22,2.00,NO,NO,NO,NO,NO,NO,NO,NO,NO,NO,NO,Monster Manual
Babau,Fiend,CE,Medium,4,16,82,YES,1d8+4,1d8+4,136,,NO,NO,NO,NO,NO,NO,NO,NO,YES,NO,YES,Volo's Guide to Monsters
Baboon,Beast,U,Small,0,12,3,NO,1d4-1,N/A,318,0.00,NO,NO,NO,YES,NO,YES,NO,NO,NO,NO,NO,Monster Manual
Badger,Beast,U,Tiny,0,10,3,NO,1,N/A,318,0.00,NO,NO,NO,YES,NO,NO,NO,NO,NO,NO,NO,Monster Manual
Balor,Fiend,CE,Huge,19,19,262,NO,3d8+8,2d6+8,55,19.00,NO,NO,NO,NO,NO,NO,NO,NO,NO,NO,NO,Monster Manual
Banderhobb,Monstrosity,NE,Large,5,15,84,NO,5d6+5,3d6,122,,NO,NO,NO,NO,NO,NO,NO,NO,NO,NO,YES,Volo's Guide to Monsters
Bandit,Humanoid,NOT LAWFUL,Medium,1/8,12,11,NO,1d6+1,1d8+1,343,0.13,YES,YES,YES,YES,NO,YES,NO,NO,NO,NO,YES,Monster Manual
Bandit Captain,Humanoid,NOT LAWFUL,Medium,2,15,65,NO,1d6+3,1d4+3,344,2.00,YES,YES,YES,YES,NO,YES,NO,NO,NO,NO,YES,Monster Manual
Banshee,Undead,CE,Medium,4,12,58,NO,3d6+2,N/A,23,4.00,NO,YES,NO,NO,NO,NO,NO,NO,NO,NO,NO,Monster Manual
Barbed Devil,Fiend,LE,Medium,5,15,110,NO,1d6+3,2d6+3,70,5.00,NO,NO,NO,NO,NO,NO,NO,NO,NO,NO,NO,Monster Manual
Bard,Humanoid,ANY,Medium,2,15,44,YES,1d6+2,1d6+2,211,,NO,NO,NO,NO,NO,NO,NO,NO,NO,NO,YES,Volo's Guide to Monsters
Barghest,Fiend,NE,Large,4,17,90,YES,2d8+4,1d8+4,123,,NO,NO,NO,YES,YES,YES,YES,NO,YES,NO,NO,Volo's Guide to Monsters
Barlgura,Fiend,CE,Large,5,15,68,YES,2d6+4,1d10+4,56,5.00,NO,NO,NO,NO,NO,NO,NO,NO,NO,NO,NO,Monster Manual
Basilisk,Monstrosity,U,Medium,3,15,52,NO,4d6+3,N/A,24,3.00,NO,NO,NO,NO,NO,NO,YES,NO,NO,NO,NO,Monster Manual
Bat,Beast,U,Tiny,0,12,1,NO,1,N/A,318,0.00,NO,NO,NO,NO,NO,NO,NO,NO,NO,NO,NO,Monster Manual
Bearded Devil,Fiend,LE,Medium,3,13,52,NO,1d8+2,1d10+3,70,3.00,NO,NO,NO,NO,NO,NO,NO,NO,NO,NO,NO,Monster Manual
Behir,Monstrosity,NE,Huge,11,17,168,NO,3d10+6,4d10+12,25,11.00,NO,NO,NO,NO,NO,NO,NO,NO,YES,NO,NO,Monster Manual
Beholder,Aberration,LE,Large,13,18,180,NO,4d6,N/A,28,13.00,NO,NO,NO,NO,NO,NO,NO,NO,YES,NO,NO,Monster Manual
Beholder Zombie,Undead,NE,Large,5,15,93,NO,4d6,N/A,316,5.00,NO,NO,NO,NO,NO,NO,NO,NO,YES,NO,NO,Monster Manual
Berserker,Humanoid,C,Medium,2,13,67,NO,1d12+3,N/A,344,2.00,YES,YES,YES,YES,NO,YES,YES,NO,NO,NO,NO,Monster Manual
Bheur Hag,Fey,CE,Medium,7,17,91,NO,2d8+1,N/A,160,,YES,NO,NO,NO,NO,NO,NO,NO,NO,NO,NO,Volo's Guide to Monsters
Black Bear,Beast,U,Medium,1/2,11,19,NO,1d6+2,2d4+2,318,0.50,NO,NO,NO,YES,NO,NO,NO,NO,NO,NO,NO,Monster Manual
"Black Dragon, Adult",Dragon,CE,Huge,14,19,195,NO,2d10+1d8+6,2d6+6,88,14.00,NO,NO,NO,NO,NO,NO,NO,YES,NO,NO,NO,Monster Manual
"Black Dragon, Ancient",Dragon,CE,Gargantuan,21,22,367,NO,2d10+2d8+8,2d6+8,87,21.00,NO,NO,NO,NO,NO,NO,NO,YES,NO,NO,NO,Monster Manual
"Black Dragon, Wyrmling",Dragon,CE,Medium,2,17,33,NO,1d10+1d4+2,5d8,88,2.00,NO,NO,NO,NO,NO,NO,NO,NO,NO,NO,NO,Monster Manual
"Black Dragon, Young",Dragon,CE,Large,7,18,127,NO,2d10+1d8+4,2d6+4,88,7.00,NO,NO,NO,NO,NO,NO,NO,YES,NO,NO,NO,Monster Manual
Black Pudding,Ooze,U,Large,4,7,85,NO,4d8+1d6+3,N/A,241,4.00,NO,NO,NO,NO,NO,NO,NO,NO,YES,NO,NO,Monster Manual
Blackguard,Humanoid,NOT GOOD,Medium,8,18,153,YES,1d10+4,1d6+2,211,,NO,NO,NO,NO,NO,NO,NO,NO,YES,NO,YES,Volo's Guide to Monsters
Blink Dog,Fey,LG,Medium,1/4,13,22,NO,1d6+1,N/A,318,0.25,NO,NO,NO,YES,NO,NO,NO,NO,NO,NO,NO,Monster Manual
Blood Hawk,Beast,U,Small,1/8,12,7,NO,1d4+2,N/A,319,0.13,YES,YES,NO,YES,YES,YES,YES,NO,NO,NO,NO,Monster Manual
"Blue Dragon, Adult",Dragon,LE,Huge,16,19,225,NO,3d10+7,2d6+7,91,16.00,NO,YES,YES,NO,NO,NO,NO,NO,NO,NO,NO,Monster Manual
"Blue Dragon, Ancient",Dragon,LE,Gargantuan,23,22,481,NO,4d10+9,2d6+9,90,23.00,NO,YES,YES,NO,NO,NO,NO,NO,NO,NO,NO,Monster Manual
"Blue Dragon, Wyrmling",Dragon,LE,Medium,3,17,52,NO,1d10+1d6+3,4d10,91,3.00,NO,NO,NO,NO,NO,NO,NO,NO,NO,NO,NO,Monster Manual
"Blue Dragon, Young",Dragon,LE,Large,9,18,152,NO,3d10+5,2d6+5,91,9.00,NO,YES,YES,NO,NO,NO,NO,NO,NO,NO,NO,Monster Manual
Blue Slaad,Aberration,CN,Large,7,15,123,NO,2d6+5,2d6+5,276,7.00,NO,NO,NO,NO,NO,NO,NO,NO,NO,NO,NO,Monster Manual
Boar,Beast,U,Medium,1/4,11,11,NO,1d6+1,N/A,319,0.25,NO,NO,NO,YES,YES,YES,NO,NO,NO,NO,NO,Monster Manual
Bodak,Undead,CE,Medium,6,15,58,NO,1d4+2,4d10,127,,NO,NO,NO,NO,NO,NO,NO,YES,YES,NO,YES,Volo's Guide to Monsters
Boggle,Fey,CN,Small, 1/8,14,18,NO,1d6-1,N/A,128,,NO,NO,NO,YES,NO,YES,NO,NO,YES,NO,YES,Volo's Guide to Monsters
Bone Devil,Fiend,LE,Large,9,19,142,NO,1d8+4,2d8+4,71,9.00,NO,NO,NO,NO,NO,NO,NO,NO,NO,NO,NO,Monster Manual
Bone Naga,Undead,LE,Large,4,15,58,YES,5d6+3,N/A,233,4.00,NO,NO,NO,NO,NO,NO,NO,NO,YES,NO,NO,Monster Manual
"Brass Dragon, Adult",Dragon,CG,Huge,13,18,172,NO,2d10+6,2d6+6,105,13.00,NO,NO,YES,NO,NO,NO,NO,NO,NO,NO,NO,Monster Manual
"Brass Dragon, Ancient",Dragon,CG,Gargantuan,20,20,297,NO,2d10+8,2d6+8,104,20.00,NO,NO,YES,NO,NO,NO,NO,NO,NO,NO,NO,Monster Manual
"Brass Dragon, Wyrmling",Dragon,CG,Medium,1,16,16,NO,1d10+2,4d6,106,1.00,NO,NO,NO,NO,NO,NO,NO,NO,NO,NO,NO,Monster Manual
"Brass Dragon, Young",Dragon,CG,Large,6,17,110,NO,2d10+4,2d6+4,105,6.00,NO,YES,YES,NO,NO,NO,NO,NO,NO,NO,NO,Monster Manual
Brontosaurus,Beast,U,Gargantuan,5,15,121,NO,5d8+5,6d8+5,139,,NO,NO,NO,YES,YES,NO,NO,NO,NO,NO,NO,Volo's Guide to Monsters
"Bronze Dragon, Adult",Dragon,LG,Huge,15,19,212,NO,2d10+7,2d6+7,108,15.00,NO,YES,NO,NO,NO,NO,NO,NO,NO,NO,NO,Monster Manual
"Bronze Dragon, Ancient",Dragon,LG,Gargantuan,22,22,444,NO,2d10+9,2d6+9,107,22.00,NO,YES,NO,NO,NO,NO,NO,NO,NO,NO,NO,Monster Manual
"Bronze Dragon, Wyrmling",Dragon,LG,Medium,2,17,32,NO,1d10+3,3d10,109,2.00,NO,NO,NO,NO,NO,NO,NO,NO,NO,NO,NO,Monster Manual
"Bronze Dragon, Young",Dragon,LG,Large,8,18,142,NO,2d10+5,2d6+5,108,8.00,NO,NO,NO,NO,NO,NO,NO,NO,NO,NO,NO,Monster Manual
Brown Bear,Beast,U,Large,1,11,34,NO,1d8+4,2d6+4,319,1.00,YES,NO,NO,YES,NO,NO,NO,NO,NO,NO,NO,Monster Manual
Bugbear,Humanoid,CE,Medium,1,16,27,NO,2d8+2,2d6+2,33,1.00,NO,NO,NO,YES,YES,NO,NO,NO,YES,NO,NO,Monster Manual
Bugbear Chief,Humanoid,CE,Medium,3,17,65,NO,2d8+3,2d6+3,33,3.00,NO,NO,NO,NO,NO,NO,NO,NO,NO,NO,NO,Monster Manual
Bulette,Monstrosity,U,Large,5,17,94,NO,4d12+4,N/A,34,5.00,NO,NO,NO,NO,YES,YES,YES,NO,NO,NO,NO,Monster Manual
Bullywug,Humanoid,NE,Medium,1/4,15,11,NO,1d4+1,1d8+1,35,0.25,NO,NO,NO,NO,NO,NO,NO,YES,NO,NO,NO,Monster Manual
Cambion,Fiend,E,Medium,5,19,82,YES,1d8+1d6+4,3d6,36,5.00,NO,NO,NO,NO,NO,NO,NO,NO,NO,NO,YES,Monster Manual
Camel,Beast,U,Large,1/8,9,15,NO,1d4,N/A,320,0.13,NO,NO,YES,NO,NO,NO,NO,NO,NO,NO,NO,Monster Manual
Carrion Crawler,Monstrosity,U,Large,2,13,51,NO,1d4+2,2d4+2,37,2.00,NO,NO,NO,NO,NO,NO,NO,NO,YES,NO,NO,Monster Manual
Cat,Beast,U,Tiny,0,12,2,NO,1,N/A,320,0.00,NO,NO,YES,YES,YES,NO,NO,NO,NO,NO,YES,Monster Manual
Catoblepas,Monstrosity,U,Large,5,14,84,NO,5d6+4,8d8,129,,NO,NO,NO,NO,NO,NO,NO,YES,NO,NO,NO,Volo's Guide to Monsters
Cave Fisher,Monstrosity,U,Medium,3,16,58,NO,2d6+3,N/A,130,,NO,NO,NO,NO,NO,NO,NO,NO,YES,NO,NO,Volo's Guide to Monsters
Centaur,Monstrosity,NG,Large,2,12,45,NO,1d10+4,2d6+4,38,2.00,NO,NO,NO,YES,YES,NO,NO,NO,NO,NO,NO,Monster Manual
Chain Devil,Fiend,LE,Medium,8,16,85,NO,2d6+4,N/A,72,8.00,NO,NO,NO,NO,NO,NO,NO,NO,NO,NO,NO,Monster Manual
Champion,Humanoid,ANY,Medium,9,18,143,NO,2d6+5,1d8+2,212,,NO,NO,YES,NO,NO,NO,NO,NO,NO,NO,YES,Volo's Guide to Monsters
Chasme,Fiend,CE,Large,6,15,84,NO,11d6+2,N/A,57,6.00,NO,NO,NO,NO,NO,NO,NO,NO,NO,NO,NO,Monster Manual
Chimera,Monstrosity,CE,Large,6,14,114,NO,2d6+4,1d12+4,39,6.00,NO,NO,NO,NO,YES,YES,YES,NO,YES,NO,NO,Monster Manual
Chitine,Monstrosity,CE,Small, 1/2,14,18,NO,1d4+2,N/A,131,,NO,NO,NO,NO,NO,NO,NO,NO,YES,NO,NO,Volo's Guide to Monsters
Choldrith,Monstrosity,CE,Medium,3,15,66,YES,1d4+3,N/A,132,,NO,NO,NO,NO,NO,NO,NO,NO,YES,NO,NO,Volo's Guide to Monsters
Chuul,Aberration,CE,Large,4,16,93,NO,2d6+4,N/A,40,4.00,NO,NO,NO,NO,NO,NO,NO,NO,YES,NO,NO,Monster Manual
Clay Golem,Construct,U,Large,9,14,133,NO,2d10+5,N/A,168,9.00,NO,NO,NO,NO,NO,NO,NO,NO,NO,NO,NO,Monster Manual
Cloaker,Aberration,CN,Large,8,14,78,NO,2d6+3,1d8+3,41,8.00,NO,NO,NO,NO,NO,NO,NO,NO,NO,NO,NO,Monster Manual
Cloud Giant,Giant,N,Huge,9,14,200,YES,3d8+8,4d10+8,154,9.00,NO,NO,NO,NO,NO,NO,YES,NO,NO,NO,NO,Monster Manual
Cloud Giant Smiling One,Giant,CN,Huge,11,15,262,YES,3d8+8,4d10+8,146,,NO,NO,NO,NO,NO,NO,YES,NO,NO,NO,NO,Volo's Guide to Monsters
Cockatrice,Monstrosity,U,Small,1/2,11,27,NO,1d4+1,N/A,42,0.50,NO,NO,NO,NO,YES,NO,NO,NO,NO,NO,NO,Monster Manual
Commoner,Humanoid,ANY,Medium,0,10,4,NO,1d4,N/A,345,0.00,YES,YES,YES,YES,YES,YES,NO,NO,NO,NO,YES,Monster Manual
Conjurer,Humanoid,ANY,Medium,6,12,40,YES,1d4+2,N/A,212,,NO,NO,NO,NO,NO,NO,NO,NO,NO,NO,YES,Volo's Guide to Monsters
Constrictor Snake,Beast,U,large,1/4,12,13,NO,1d6+2,1d8+2,320,0.25,NO,NO,YES,YES,NO,NO,NO,YES,NO,YES,NO,Monster Manual
"Copper Dragon, Adult",Dragon,CG,Huge,14,18,184,NO,2d10+6,2d6+6,111,14.00,NO,NO,NO,NO,NO,YES,NO,NO,NO,NO,NO,Monster Manual
"Copper Dragon, Ancient",Dragon,CG,Gargantuan,21,21,350,NO,2d10+8,2d6+8,110,21.00,NO,NO,NO,NO,NO,YES,NO,NO,NO,NO,NO,Monster Manual
"Copper Dragon, Wyrmling",Dragon,CG,Medium,1,16,22,NO,1d10+2,4d8,112,1.00,NO,NO,NO,NO,NO,NO,NO,NO,NO,NO,NO,Monster Manual
"Copper Dragon, Young",Dragon,CG,Large,7,17,119,NO,2d10+4,2d6+4,111,7.00,NO,NO,NO,NO,NO,YES,NO,NO,NO,NO,NO,Monster Manual
Couatl,Celestial,LG,Medium,4,19,97,YES,1d6+5,2d6+3,43,4.00,NO,NO,YES,NO,YES,NO,NO,NO,NO,NO,YES,Monster Manual
Cow,Beast,U,Large, 1/4,10,15,NO,1d6+4,N/A,207,,NO,NO,NO,NO,YES,NO,NO,NO,YES,NO,YES,Volo's Guide to Monsters
Crab,Beast,U,Tiny,0,11,2,NO,1,N/A,320,0.00,NO,YES,NO,NO,NO,NO,NO,NO,NO,NO,NO,Monster Manual
Cranium Rat,Beast,LE,Tiny,0,12,2,NO,1,N/A,133,,NO,NO,NO,NO,NO,NO,NO,NO,YES,NO,YES,Volo's Guide to Monsters
Crawling Claw,Undead,NE,Tiny,0,12,2,NO,1d4+1,N/A,44,0.00,NO,NO,NO,NO,NO,NO,NO,NO,NO,NO,NO,Monster Manual
Crocodile,Beast,U,Large,1/2,12,19,NO,1d10+2,N/A,320,0.50,NO,NO,NO,NO,NO,NO,NO,YES,NO,NO,YES,Monster Manual
Cult Fanatic,Humanoid,NOT GOOD,Medium,2,13,33,YES,1d4+2,N/A,345,2.00,NO,NO,NO,NO,NO,NO,NO,NO,NO,NO,YES,Monster Manual
Cultist,Humanoid,NOT GOOD,Medium,1/8,12,9,NO,1d6+1,N/A,345,0.13,NO,NO,NO,NO,NO,NO,NO,NO,NO,NO,YES,Monster Manual
Cyclops,Giant,CN,Huge,6,14,138,NO,3d8+6,4d10+6,45,6.00,NO,YES,YES,NO,YES,YES,YES,NO,YES,NO,NO,Monster Manual
Dao,Elemental,NE,Large,11,18,187,YES,2d8+6,4d6+6,143,11.00,NO,NO,NO,NO,NO,NO,NO,NO,YES,NO,NO,Monster Manual
Darkling,Fey,CN,Small, 1/2,14,13,NO,1d4+3,N/A,134,,NO,NO,NO,YES,NO,NO,NO,YES,YES,NO,YES,Volo's Guide to Monsters
Darkmantle,Monstrosity,U,Small,1/2,11,22,NO,1d6+3,N/A,46,0.50,NO,NO,NO,NO,NO,NO,NO,NO,YES,NO,NO,Monster Manual
Darling Elder,Fey,CN,Medium,2,15,27,NO,1d6+3,N/A,,,NO,NO,NO,YES,NO,NO,NO,YES,YES,NO,YES,Volo's Guide to Monsters
Death Dog,Monstrosity,NE,Medium,1,12,39,NO,1d6+2,N/A,321,1.00,NO,NO,YES,NO,NO,NO,NO,NO,NO,NO,NO,Monster Manual
Death Kiss,Aberration,NE,Large,10,16,161,NO,3d6+4,4d10,124,,NO,NO,NO,NO,NO,NO,NO,NO,YES,NO,NO,Volo's Guide to Monsters
Death Knight,Undead,CE,Medium,17,20,180,YES,1d10+4d8+5,N/A,47,17.00,NO,NO,NO,NO,NO,NO,NO,NO,NO,NO,NO,Monster Manual
Death Slaad,Aberration,CE,Medium,10,18,170,YES,1d8+2d6+5,1d10+2d6+5,278,10.00,NO,NO,NO,NO,NO,NO,NO,NO,NO,NO,NO,Monster Manual
Death Tyrant,Undead,LE,Large,14,19,187,NO,4d6,N/A,29,14.00,NO,NO,NO,NO,NO,NO,NO,NO,YES,NO,NO,Monster Manual
Deep Scion,Humanoid,NE,Medium,3,11,67,NO,1d8+4,1d4+4,135,,NO,YES,NO,NO,NO,NO,NO,NO,NO,YES,NO,Volo's Guide to Monsters
Deer,Beast,U,Medium,0,13,4,NO,1d4,N/A,321,0.00,NO,NO,NO,YES,YES,NO,NO,NO,NO,NO,NO,Monster Manual
Deinonychus,Beast,U,Medium,1,13,26,NO,1d8+2,1d8+2,139,,NO,NO,NO,YES,YES,YES,NO,NO,NO,NO,NO,Volo's Guide to Monsters
Demilich,Undead,NE,Tiny,18,20,80,NO,6d6,N/A,48,18.00,NO,NO,NO,NO,NO,NO,NO,NO,NO,NO,NO,Monster Manual
Deva,Celestial,LG,Medium,10,17,136,YES,4d8+1d6+4,N/A,16,10.00,NO,NO,NO,NO,NO,NO,NO,NO,NO,NO,NO,Monster Manual
Devourer,Fiend,CE,Large,13,16,178,NO,8d6+5,8d10,138,,NO,NO,NO,NO,NO,NO,NO,NO,YES,NO,NO,Volo's Guide to Monsters
Dimetrodon,Beast,U,Medium, 1/4,12,19,NO,2d6+2,N/A,139,,NO,YES,NO,NO,NO,NO,NO,YES,NO,NO,NO,Volo's Guide to Monsters
Dire Wolf,Beast,U,Large,1,14,37,NO,2d6+3,N/A,321,1.00,NO,NO,NO,YES,NO,YES,NO,NO,NO,NO,NO,Monster Manual
Displacer Beast,Monstrosity,LE,Large,3,13,85,NO,2d6+4,N/A,81,3.00,NO,NO,NO,YES,NO,NO,NO,NO,NO,NO,NO,Monster Manual
Diviner,Humanoid,ANY,Medium,8,12,67,YES,1d6-1,N/A,213,,NO,NO,NO,NO,NO,NO,NO,NO,NO,NO,YES,Volo's Guide to Monsters
Djinni,Elemental,CG,Large,11,17,161,YES,2d6+5,N/A,144,11.00,NO,YES,NO,NO,NO,NO,NO,NO,NO,NO,NO,Monster Manual
Dolphin,Beast,U,Medium, 1/8,12,11,NO,1d6+2,N/A,208,,NO,YES,NO,NO,NO,NO,NO,NO,NO,YES,NO,Volo's Guide to Monsters
Doppelganger,Monstrosity,N,Medium,3,14,52,NO,1d6+4,N/A,82,3.00,NO,NO,NO,NO,NO,NO,NO,NO,YES,NO,YES,Monster Manual
Dracolich,Undead,LE,VARIES,17,19,225,NO,3d10+7,2d6+7,84,17.00,NO,NO,YES,NO,NO,NO,NO,NO,NO,NO,NO,Monster Manual
Draegloth,Fiend,U,Large,7,15,123,YES,2d10+5,2d10+5,141,,NO,NO,NO,NO,NO,NO,NO,NO,YES,NO,NO,Volo's Guide to Monsters
Draft Horse,Beast,U,Large,1/4,10,19,NO,2d4+4,N/A,321,0.25,NO,NO,NO,NO,NO,NO,NO,NO,NO,NO,YES,Monster Manual
Dragon Turtle,Dragon,N,Gargantuan,17,20,341,NO,3d12+7,2d8+7,119,17.00,NO,YES,NO,NO,NO,NO,NO,NO,NO,YES,NO,Monster Manual
Dretch,Fiend,CE,small,1/4,11,18,NO,1d6,2d4,57,0.25,NO,NO,NO,NO,NO,NO,NO,NO,NO,NO,NO,Monster Manual
Drider,Monstrosity,CE,Large,6,19,123,YES,2d8+1d4,1d10+3,120,6.00,NO,NO,NO,NO,NO,NO,NO,NO,YES,NO,NO,Monster Manual
Drow,Humanoid,NE,Medium,1/4,15,13,NO,1d6+2,1d6+2,128,0.25,NO,NO,NO,NO,NO,NO,NO,NO,YES,NO,NO,Monster Manual
Drow Elite Warrior,Humanoid,NE,Medium,5,18,71,NO,4d6+4,1d6+4,128,5.00,NO,NO,NO,NO,NO,NO,NO,NO,YES,NO,NO,Monster Manual
Drow Mage,Humanoid,NE,Medium,7,12,45,YES,1d8+1d6-1,N/A,129,7.00,NO,NO,NO,NO,NO,NO,NO,NO,YES,NO,NO,Monster Manual
Drow Priestess of Lolth,Humanoid,NE,Medium,8,16,71,NO,6d6+2,N/A,129,8.00,NO,NO,NO,NO,NO,NO,NO,NO,NO,NO,NO,Monster Manual
Druid,Humanoid,ANY,Medium,2,11,27,YES,1d8,N/A,346,2.00,YES,YES,YES,YES,YES,YES,YES,YES,YES,NO,NO,Monster Manual
Dryad,Fey,N,Medium,1,11,22,YES,1d8+4,N/A,121,1.00,NO,NO,NO,YES,NO,NO,NO,NO,NO,NO,NO,Monster Manual
Duergar,Humanoid,LE,Medium,1,16,26,NO,1d8+2,1d6+2,122,1.00,NO,NO,NO,NO,NO,NO,NO,NO,YES,NO,NO,Monster Manual
Duodrone,Construct,LN,Medium,1/4,15,11,NO,1d4,1d6+1,225,0.25,NO,NO,NO,NO,NO,NO,NO,NO,NO,NO,NO,Monster Manual
Dust Mephit,Elemental,NE,Small,1/2,12,17,NO,1d4+2,N/A,215,0.50,NO,NO,YES,NO,NO,NO,NO,NO,NO,NO,NO,Monster Manual
Eagle,Beast,U,Small,0,12,3,NO,1d4+2,N/A,322,0.00,NO,YES,NO,NO,YES,YES,YES,NO,NO,NO,NO,Monster Manual
Earth Elemental,Elemental,N,Large,5,17,126,NO,2d8+5,N/A,124,5.00,NO,NO,NO,NO,NO,NO,NO,NO,YES,NO,NO,Monster Manual
Efreeti,Elemental,LE,Large,11,17,200,YES,2d6+6,5d6,145,11.00,NO,NO,YES,NO,NO,NO,NO,NO,NO,NO,NO,Monster Manual
Elder Brain,Aberration,LE,Large,14,10,210,YES,4d8+2,5d10+5,174,,NO,NO,NO,NO,NO,NO,NO,NO,YES,NO,NO,Volo's Guide to Monsters
Elephant,Beast,U,Huge,4,12,76,NO,3d8+5,3d10+5,322,4.00,NO,NO,NO,NO,YES,NO,NO,NO,NO,NO,NO,Monster Manual
Elk,Beast,U,Large,1/4,10,13,NO,1d6+3,2d4+3,322,0.25,NO,NO,NO,YES,YES,YES,NO,NO,NO,NO,NO,Monster Manual
Empyrean,Celestial,CG OR NE,Huge,23,22,313,YES,6d6+10,7d6,130,23.00,NO,NO,NO,NO,NO,NO,NO,NO,NO,NO,NO,Monster Manual
Enchanter,Humanoid,ANY,Medium,5,12,40,YES,1d6-1,N/A,213,,NO,NO,NO,NO,NO,NO,NO,NO,NO,NO,YES,Volo's Guide to Monsters
Erinyes,Fiend,LE,Medium,12,18,153,NO,3d8+1d10+4,4d8+3,73,12.00,NO,NO,NO,NO,NO,NO,NO,NO,NO,NO,NO,Monster Manual
Ettercap,Monstrosity,NE,Medium,2,13,44,NO,2d8+2,2d4+2,131,2.00,NO,NO,NO,YES,NO,NO,NO,NO,NO,NO,NO,Monster Manual
Ettin,Giant,CE,large,4,12,85,NO,2d8+5,2d8+5,132,4.00,NO,NO,NO,NO,NO,YES,YES,NO,YES,NO,NO,Monster Manual
Evoker,Humanoid,ANY,Medium,9,12,66,YES,1d6-1,N/A,214,,NO,NO,NO,NO,NO,NO,NO,NO,NO,NO,YES,Volo's Guide to Monsters
Faerie Dragon,Dragon,CG,Tiny,1,15,14,YES,1,N/A,133,1.00,NO,NO,NO,YES,NO,NO,NO,NO,NO,NO,NO,Monster Manual
Fire Elemental,Elemental,N,large,5,13,102,NO,2d6+3,N/A,125,5.00,NO,NO,YES,NO,NO,NO,NO,NO,NO,NO,NO,Monster Manual
Fire Giant,Giant,LE,Huge,9,18,162,NO,6d6+7,4d10+7,154,9.00,NO,NO,NO,NO,NO,NO,YES,NO,YES,NO,NO,Monster Manual
Fire Giant Dreadnought,Giant,LE,Huge,14,21,187,NO,4d6+8,4d10+8,147,,NO,NO,NO,NO,NO,NO,YES,NO,YES,NO,NO,Volo's Guide to Monsters
Fire Snake,Elemental,NE,Medium,1,14,22,NO,1d6+1d4+1,1d6+1d4+1,265,1.00,NO,NO,NO,NO,NO,NO,NO,NO,YES,NO,NO,Monster Manual
Firenewt Warlock of Imix,Humanoid,NE,Medium,1,10,33,YES,1d8+1,N/A,143,,NO,NO,NO,NO,NO,YES,YES,NO,YES,NO,NO,Volo's Guide to Monsters
Firenewt Warrior,Humanoid,NE,Medium, 1/2,16,22,NO,1d6+1,2d8,142,,NO,NO,YES,NO,NO,YES,YES,NO,YES,NO,NO,Volo's Guide to Monsters
Flail Snail,Elemental,U,Large,3,16,52,NO,1d6+3,N/A,144,,NO,NO,NO,YES,NO,NO,NO,YES,YES,NO,NO,Volo's Guide to Monsters
Flameskull,Undead,NE,Tiny,4,13,40,YES,3d6,N/A,134,4.00,NO,NO,NO,NO,NO,NO,NO,NO,YES,NO,NO,Monster Manual
Flesh Golem,Construct,N,Medium,5,9,93,NO,2d8+4,N/A,169,5.00,NO,NO,NO,NO,NO,NO,NO,NO,NO,NO,NO,Monster Manual
Flind,Humanoid,CE,Medium,9,16,127,NO,1d10+5,1d10+5,153,,YES,NO,NO,YES,YES,YES,NO,NO,NO,NO,NO,Volo's Guide to Monsters
Flumph,Aberration,LG,Small,1/8,12,7,NO,2d4+2,N/A,135,0.13,NO,NO,NO,NO,NO,NO,NO,NO,YES,NO,NO,Monster Manual
Flying Snake,Beast,U,Tiny,1/8,14,5,NO,3d4+1,N/A,322,0.13,NO,NO,YES,YES,YES,NO,NO,NO,NO,NO,YES,Monster Manual
Flying Sword,Construct,U,Small,1/4,17,17,NO,1d8+1,N/A,20,0.25,NO,NO,NO,NO,NO,NO,NO,NO,NO,NO,NO,Monster Manual
Fomorian,Giant,CE,Huge,8,14,149,NO,3d8+6,6d8,136,8.00,NO,NO,NO,NO,NO,NO,NO,NO,YES,NO,NO,Monster Manual
Frog,Beast,U,Tiny,0,11,1,NO,N/A,N/A,322,0.00,NO,NO,NO,NO,NO,NO,NO,NO,NO,NO,NO,Monster Manual
Froghemoth,Monstrosity,U,Huge,10,14,184,NO,3d8+6,3d10+6,145,,NO,NO,NO,NO,NO,NO,NO,YES,YES,NO,NO,Volo's Guide to Monsters
Frost Giant,Giant,NE,Huge,8,15,138,NO,3d12+6,4d10+6,155,8.00,YES,NO,NO,NO,NO,NO,YES,NO,NO,NO,NO,Monster Manual
Frost Giant Everlasting One,Giant,CE,Huge,12,15,189,NO,3d12+7,4d10+7,148,,YES,YES,NO,NO,NO,NO,NO,NO,NO,NO,NO,Volo's Guide to Monsters
Galeb Duhr,Elemental,N,Medium,6,16,85,NO,2d6+5,N/A,139,6.00,NO,NO,NO,NO,NO,YES,YES,NO,NO,NO,NO,Monster Manual
Gargoyle,Elemental,CE,Medium,2,15,52,NO,1d6+2,1d6+2,140,2.00,NO,NO,NO,NO,NO,NO,NO,NO,YES,NO,YES,Monster Manual
Gas Spore,Plant,U,Large,1/2,5,1,NO,1,N/A,138,0.50,NO,NO,NO,NO,NO,NO,NO,NO,YES,NO,NO,Monster Manual
Gauth,Aberration,LE,Medium,6,15,67,NO,2d8,N/A,125,,NO,NO,NO,NO,NO,NO,NO,NO,YES,NO,NO,Volo's Guide to Monsters
Gazer,Aberration,NE,Tiny, 1/2,13,13,NO,1,N/A,126,,NO,NO,NO,NO,NO,NO,NO,NO,YES,NO,NO,Volo's Guide to Monsters
Gelatinous Cube,Ooze,U,Large,2,6,84,NO,3d6,N/A,242,2.00,NO,NO,NO,NO,NO,NO,NO,NO,YES,NO,NO,Monster Manual
Ghast,Undead,CE,Medium,2,13,36,NO,2d8+3,2d6+3,148,2.00,NO,NO,NO,NO,NO,NO,NO,YES,YES,NO,YES,Monster Manual
Ghost,Undead,ANY,Medium,4,11,45,NO,4d6+3,N/A,147,4.00,NO,NO,NO,NO,NO,NO,NO,NO,YES,NO,YES,Monster Manual
Ghoul,Undead,CE,Medium,1,12,22,NO,2d6+2,2d4+2,148,1.00,NO,NO,NO,NO,NO,NO,NO,YES,YES,NO,YES,Monster Manual
Giant Ape,Beast,U,Huge,7,12,157,NO,3d10+6,7d6+6,323,7.00,NO,NO,NO,YES,NO,NO,NO,NO,NO,NO,NO,Monster Manual
Giant Badger,Beast,U,Medium,1/4,10,13,NO,1d6+1,2d4+1,323,0.25,NO,NO,NO,YES,NO,NO,NO,NO,NO,NO,NO,Monster Manual
Giant Bat,Beast,U,Large,1/4,13,22,NO,1d6+2,N/A,323,0.25,NO,NO,NO,YES,NO,NO,NO,NO,YES,NO,NO,Monster Manual
Giant Boar,Beast,U,Large,2,12,42,NO,10d6+3,N/A,323,2.00,NO,NO,NO,YES,YES,NO,NO,NO,NO,NO,NO,Monster Manual
Giant Centipede,Beast,U,small,1/4,13,4,NO,1d4+2,N/A,323,0.25,NO,NO,NO,NO,NO,NO,NO,NO,YES,NO,YES,Monster Manual
Giant Constrictor Snake,Beast,U,Huge,2,12,60,NO,2d6+4,2d8+4,324,2.00,NO,NO,YES,YES,NO,NO,NO,YES,YES,YES,NO,Monster Manual
Giant Crab,Beast,U,Medium,1/8,15,13,NO,1d6+1,N/A,324,0.13,NO,YES,NO,NO,NO,NO,NO,NO,NO,NO,NO,Monster Manual
Giant Crocodile,Beast,U,Huge,5,14,85,NO,3d10+5,2d8+5,324,5.00,NO,NO,NO,NO,NO,NO,NO,YES,NO,NO,NO,Monster Manual
Giant Eagle,Beast,U,Large,1,13,26,NO,1d6+3,2d6+3,324,1.00,NO,YES,NO,NO,YES,YES,NO,NO,NO,NO,NO,Monster Manual
Giant Elk,Beast,U,Huge,2,14,42,NO,2d6+4,4d8+4,325,2.00,NO,NO,NO,YES,YES,YES,YES,NO,NO,NO,NO,Monster Manual
Giant Fire Beetle,Beast,U,small,0,13,4,NO,1d6-1,N/A,325,0.00,NO,NO,NO,NO,NO,NO,NO,NO,YES,NO,NO,Monster Manual
Giant Frog,Beast,U,Medium,1/4,11,18,NO,1d6+1,N/A,325,0.25,NO,NO,NO,YES,NO,NO,NO,YES,NO,NO,NO,Monster Manual
Giant Goat,Beast,U,Large,1/2,11,19,NO,2d4+3,N/A,326,0.50,NO,NO,NO,NO,YES,NO,YES,NO,NO,NO,NO,Monster Manual
Giant Hyena,Beast,U,Large,1,12,45,NO,2d6+3,N/A,326,1.00,NO,NO,YES,YES,YES,YES,NO,NO,NO,NO,NO,Monster Manual
Giant Lizard,Beast,U,Large,1/4,12,19,NO,1d8+2,N/A,326,0.25,NO,YES,YES,YES,NO,NO,NO,YES,YES,NO,NO,Monster Manual
Giant Octopus,Beast,U,Large,1,11,52,NO,2d6+3,N/A,326,1.00,NO,NO,NO,NO,NO,NO,NO,NO,NO,YES,NO,Monster Manual
Giant Owl,Beast,U,Large,1/4,12,19,NO,2d6+1,N/A,327,0.25,YES,NO,NO,YES,NO,YES,NO,NO,NO,NO,NO,Monster Manual
Giant Poisonous Snake,Beast,U,Medium,1/4,14,11,NO,1d4+4,N/A,327,0.25,NO,NO,YES,YES,YES,NO,NO,YES,YES,NO,YES,Monster Manual
Giant Rat,Beast,U,Small,1/8,12,7,NO,1d4+2,N/A,327,0.13,NO,NO,NO,YES,NO,NO,NO,YES,YES,NO,YES,Monster Manual
Giant Scorpion,Beast,U,Large,3,15,52,NO,1d8+2,1d10+2,327,3.00,NO,NO,YES,NO,NO,NO,NO,NO,NO,NO,NO,Monster Manual
Giant Sea Horse,Beast,U,Large,1/2,13,16,NO,1d6+1,N/A,328,0.50,NO,NO,NO,NO,NO,NO,NO,NO,NO,YES,NO,Monster Manual
Giant Shark,Beast,U,Huge,5,13,126,NO,3d10+6,N/A,328,5.00,NO,NO,NO,NO,NO,NO,NO,NO,NO,YES,NO,Monster Manual
Giant Spider,Beast,U,Large,1,14,26,NO,1d8+3,N/A,328,1.00,NO,NO,YES,YES,NO,NO,NO,YES,YES,NO,YES,Monster Manual
Giant Strider,Monstrosity,NE,Large,1,14,22,NO,1d8+4,4d6,143,,NO,NO,NO,NO,NO,YES,YES,NO,YES,NO,NO,Volo's Guide to Monsters
Giant Toad,Beast,U,Large,1,11,39,NO,2d10+2,N/A,329,1.00,NO,YES,NO,YES,NO,NO,NO,YES,YES,NO,NO,Monster Manual
Giant Vulture,Beast,NE,Large,1,10,22,NO,2d4+4,2d6+2,329,1.00,NO,NO,YES,NO,YES,NO,NO,NO,NO,NO,NO,Monster Manual
Giant Wasp,Beast,U,Medium,1/2,12,13,NO,1d6+2,N/A,329,0.50,NO,NO,NO,YES,YES,NO,NO,NO,NO,NO,YES,Monster Manual
Giant Weasel,Beast,U,Medium,1/8,13,9,NO,1d4+3,N/A,329,0.13,NO,NO,NO,YES,YES,YES,NO,NO,NO,NO,NO,Monster Manual
Giant Wolf Spider,Beast,U,Medium,1/4,13,11,NO,1d6+1,N/A,330,0.25,NO,YES,YES,YES,YES,YES,NO,NO,NO,NO,NO,Monster Manual
Gibbering Mouther,Aberration,N,Medium,2,9,67,NO,5d6,N/A,157,2.00,NO,NO,NO,NO,NO,NO,NO,NO,YES,NO,NO,Monster Manual
Girallon,Monstrosity,U,Large,4,13,59,NO,1d6+4,1d6+4,152,,NO,NO,NO,YES,NO,NO,NO,NO,NO,NO,NO,Volo's Guide to Monsters
Githyanki Knight,Humanoid,LE,Medium,8,18,91,YES,5d6+6,N/A,160,8.00,NO,NO,NO,NO,NO,NO,NO,NO,NO,NO,NO,Monster Manual
Githyanki Warrior,Humanoid,LE,Medium,3,17,46,YES,4d6+2,N/A,160,3.00,NO,NO,NO,NO,NO,NO,NO,NO,NO,NO,NO,Monster Manual
Githzerai Monk,Humanoid,LN,Medium,2,14,38,YES,3d8+2,N/A,161,2.00,NO,NO,NO,NO,NO,NO,NO,NO,NO,NO,NO,Monster Manual
Githzerai Zerth,Humanoid,LN,Medium,6,17,84,YES,2d6+3d8+4,N/A,161,6.00,NO,NO,NO,NO,NO,NO,NO,NO,NO,NO,NO,Monster Manual
Glabrezu,Fiend,CE,Large,9,17,157,YES,2d10+5,2d4+2,58,9.00,NO,NO,NO,NO,NO,NO,NO,NO,NO,NO,NO,Monster Manual
Gladiator,Humanoid,ANY,Medium,5,16,112,NO,2d8+4,2d4+4,346,5.00,NO,NO,NO,NO,NO,NO,NO,NO,NO,NO,YES,Monster Manual
Gnoll,Humanoid,CE,Medium,1/2,15,22,NO,1d4+2,1d8+2,163,0.50,NO,NO,YES,YES,YES,NO,NO,NO,NO,NO,NO,Monster Manual
Gnoll Fang of Yeenoghu,Humanoid,CE,Medium,4,14,65,NO,1d6+3,1d8+3,163,4.00,NO,NO,YES,NO,YES,YES,NO,NO,NO,NO,NO,Monster Manual
Gnoll Flesh Gnawer,Humanoid,CE,Medium,1,14,22,NO,1d4+2,1d6+2,154,,YES,NO,NO,YES,YES,YES,NO,NO,NO,NO,NO,Volo's Guide to Monsters
Gnoll Hunter,Humanoid,CE,Medium, 1/2,13,22,NO,1d4+2,1d8+2,154,,YES,NO,NO,YES,YES,YES,NO,NO,NO,NO,NO,Volo's Guide to Monsters
Gnoll Pack Lord,Humanoid,CE,Medium,2,15,49,NO,1d4+3,1d10+3,163,2.00,NO,NO,YES,YES,YES,YES,NO,NO,NO,NO,NO,Monster Manual
Gnoll Witherling,Undead,CE,Medium, 1/4,12,11,NO,1d4+2,1d4+2,155,,YES,NO,NO,YES,YES,YES,NO,NO,NO,NO,NO,Volo's Guide to Monsters
"Gnome, Deep (Svirfneblin)",Humanoid,NG,Small,1/2,15,16,YES,1d8+3,N/A,164,0.50,NO,NO,NO,NO,NO,NO,NO,NO,NO,NO,NO,Monster Manual
Goat,Beast,U,Medium,0,10,4,NO,1d4+1,N/A,330,0.00,NO,NO,NO,NO,NO,YES,YES,NO,NO,NO,YES,Monster Manual
Goblin,Humanoid,NE,small,1/4,15,7,NO,1d6+2,1d6+2,166,0.25,NO,NO,NO,YES,YES,YES,NO,NO,YES,NO,NO,Monster Manual
Goblin Boss,Humanoid,NE,small,1,17,21,NO,1d6+2,1d6+2,166,1.00,NO,NO,NO,YES,YES,YES,NO,NO,YES,NO,NO,Monster Manual
"Gold Dragon, Adult",Dragon,LG,Huge,17,19,256,NO,2d10+8,2d6+8,114,17.00,NO,NO,NO,YES,YES,NO,NO,NO,NO,NO,NO,Monster Manual
"Gold Dragon, Ancient",Dragon,LG,Gargantuan,24,22,546,NO,2d10+10,2d6+10,113,24.00,NO,NO,NO,YES,YES,NO,NO,NO,NO,NO,NO,Monster Manual
"Gold Dragon, Wyrmling",Dragon,LG,Medium,3,17,60,NO,1d10+4,4d10,115,3.00,NO,NO,NO,NO,NO,NO,NO,NO,NO,NO,NO,Monster Manual
"Gold Dragon, Young",Dragon,LG,Large,10,18,178,NO,2d10+6,2d6+6,115,10.00,NO,NO,NO,YES,YES,NO,NO,NO,NO,NO,NO,Monster Manual
Gorgon,Construct,U,Large,5,19,114,NO,2d12+5,2d10+5,171,5.00,NO,NO,NO,YES,YES,YES,NO,NO,NO,NO,NO,Monster Manual
Goristro,Fiend,CE,Huge,17,19,310,NO,3d8+7,3d10+7,59,17.00,NO,NO,NO,NO,NO,NO,NO,NO,NO,NO,NO,Monster Manual
Gray Ooze,Ooze,U,Medium,1/2,8,22,NO,3d6+1,N/A,243,0.50,NO,NO,NO,NO,NO,NO,NO,NO,YES,NO,NO,Monster Manual
Gray Slaad,Aberration,CN,Medium,9,18,127,YES,1d6+3,1d10+3,277,9.00,NO,NO,NO,NO,NO,NO,NO,NO,NO,NO,NO,Monster Manual
"Green Dragon, Adult",Dragon,LE,Huge,15,19,207,NO,2d10+2d6+6,2d6+6,94,15.00,NO,NO,NO,YES,NO,NO,NO,NO,NO,NO,NO,Monster Manual
"Green Dragon, Ancient",Dragon,LE,Gargantuan,22,21,385,NO,2d10+3d6+8,4d6+8,93,22.00,NO,NO,NO,YES,NO,NO,NO,NO,NO,NO,NO,Monster Manual
"Green Dragon, Wyrmling",Dragon,LE,Medium,2,17,38,NO,1d10+1d6+2,6d6,95,2.00,NO,NO,NO,NO,NO,NO,NO,NO,NO,NO,NO,Monster Manual
"Green Dragon, Young",Dragon,LE,Large,8,18,136,NO,2d10+2d6+4,2d6+4,94,8.00,NO,NO,NO,YES,NO,NO,NO,NO,NO,NO,NO,Monster Manual
Green Hag,Fey,NE,Medium,3,17,82,YES,2d8+4,N/A,177,3.00,NO,NO,NO,YES,NO,YES,NO,YES,NO,NO,NO,Monster Manual
Green Slaad,Aberration,CN,Large,8,16,127,YES,2d6+4,1d6+4,277,8.00,NO,NO,NO,NO,NO,NO,NO,NO,NO,NO,NO,Monster Manual
Grell,Aberration,NE,Medium,3,12,55,NO,1d10+2,2d4+2,172,3.00,NO,NO,NO,NO,NO,NO,NO,NO,YES,NO,NO,Monster Manual
Grick,Monstrosity,N,Medium,2,14,27,NO,2d6+2,1d6+2,173,2.00,NO,NO,NO,YES,NO,NO,NO,NO,YES,NO,NO,Monster Manual
Grick Alpha,Monstrosity,N,Medium,7,18,75,NO,2d6+4,4d8+4,173,7.00,NO,NO,NO,YES,NO,NO,NO,NO,YES,NO,NO,Monster Manual
Griffon,Monstrosity,U,Large,2,12,59,NO,1d8+4,2d6+4,174,2.00,YES,YES,NO,NO,YES,YES,YES,NO,NO,NO,NO,Monster Manual
Grimlock,Humanoid,NE,Medium,1/4,11,11,NO,2d4+3,N/A,175,0.25,NO,NO,NO,NO,NO,NO,NO,NO,YES,NO,NO,Monster Manual
Grung,Humanoid,LE,Small, 1/4,12,11,NO,1d4+2,N/A,156,,NO,NO,NO,YES,NO,NO,NO,NO,NO,NO,NO,Volo's Guide to Monsters
Grung Elite Warrior,Humanoid,LE,Small,2,13,49,NO,1d4+3,1d6+3,157,,NO,NO,NO,YES,NO,NO,NO,NO,NO,NO,NO,Volo's Guide to Monsters
Grung Wildling,Humanoid,LE,Small,1,13,27,YES,1d4+3,1d6+3,157,,NO,NO,NO,YES,NO,NO,NO,NO,NO,NO,NO,Volo's Guide to Monsters
Guard,Humanoid,ANY,Medium,1/8,16,11,NO,1d6+1,N/A,347,0.13,NO,YES,YES,YES,YES,YES,YES,NO,NO,NO,YES,Monster Manual
Guard Drake,Dragon,U,Medium,2,14,52,NO,1d8+3,1d6+3,158,,YES,NO,YES,YES,NO,NO,YES,YES,YES,NO,YES,Volo's Guide to Monsters
Guardian Naga,Monstrosity,LG,Large,10,18,127,YES,1d8+4,N/A,234,10.00,NO,NO,YES,YES,NO,NO,NO,NO,NO,NO,NO,Monster Manual
Gynosphinx,Monstrosity,LN,Large,11,17,136,YES,2d8+4,N/A,282,11.00,NO,NO,YES,NO,NO,NO,NO,NO,NO,NO,NO,Monster Manual
Hadrosaurus,Beast,U,Large, 1/4,11,19,NO,1d10+2,N/A,140,,NO,NO,NO,NO,YES,NO,NO,YES,NO,NO,NO,Volo's Guide to Monsters
Half Ogre,Giant,C,Large,1,12,30,NO,2d10+3,2d6+3,238,1.00,YES,NO,YES,YES,NO,YES,YES,NO,YES,NO,YES,Monster Manual
Half-Red Dragon Veteran,Humanoid,ANY,Medium,5,18,65,NO,1d10+3,1d6+3,180,5.00,NO,NO,NO,NO,NO,NO,NO,NO,NO,NO,NO,Monster Manual
Harpy,Monstrosity,CE,Medium,1,11,38,NO,2d4+1,1d4+1,181,1.00,NO,YES,NO,YES,NO,YES,YES,NO,NO,NO,NO,Monster Manual
Hawk,Beast,U,Tiny,0,13,11,NO,1,N/A,330,0.00,NO,NO,NO,NO,NO,NO,NO,NO,NO,NO,NO,Monster Manual
Hell Hound,Fiend,LE,Medium,3,15,45,NO,1d8+2d6+3,6d6,182,3.00,NO,NO,NO,NO,NO,NO,YES,NO,YES,NO,NO,Monster Manual
Helmed Horror,Construct,N,Medium,4,20,60,NO,1d10+4,N/A,183,4.00,NO,NO,NO,NO,NO,NO,NO,NO,NO,NO,NO,Monster Manual
Hezrou,Fiend,CE,Large,8,16,136,NO,2d10+4,2d6+4,60,8.00,NO,NO,NO,NO,NO,NO,NO,NO,NO,NO,NO,Monster Manual
Hill Giant,Giant,CE,Huge,5,13,105,NO,3d8+5,3d10+5,155,5.00,NO,NO,NO,NO,NO,YES,NO,NO,NO,NO,NO,Monster Manual
Hippogriff,Monstrosity,U,Large,1,11,19,NO,1d10+3,2d6+3,184,1.00,NO,NO,NO,NO,YES,YES,YES,NO,NO,NO,NO,Monster Manual
Hobgoblin,Humanoid,LE,Medium,1/2,18,11,NO,1d10+1,1d8+1,186,0.50,NO,NO,YES,YES,YES,NO,NO,NO,YES,NO,NO,Monster Manual
Hobgoblin Captain,Humanoid,LE,Medium,3,17,39,NO,2d6+2,1d6+2,186,3.00,NO,NO,YES,YES,YES,YES,NO,NO,YES,NO,NO,Monster Manual
Hobgoblin Devastator,Humanoid,LE,Medium,4    ,13,45,YES,1d6+1,N/A,161,,NO,NO,NO,YES,YES,YES,NO,NO,NO,NO,NO,Volo's Guide to Monsters
Hobgoblin Iron Shadow,Humanoid,LE,Medium,2,15,32,YES,1d4+3,1d4+3,162,,NO,NO,NO,YES,YES,YES,NO,NO,NO,NO,NO,Volo's Guide to Monsters
Hobgoblin Warlord,Humanoid,LE,Medium,6,20,97,NO,1d10+3,1d4+3,187,6.00,NO,NO,NO,NO,NO,NO,NO,NO,NO,NO,NO,Monster Manual
Homunculus,Construct,N,Tiny,0,13,5,NO,1,N/A,188,0.00,NO,NO,NO,NO,NO,NO,NO,NO,NO,NO,NO,Monster Manual
Hook Horror,Monstrosity,N,Large,3,15,75,NO,2d6+4,N/A,189,3.00,NO,NO,NO,NO,NO,NO,NO,NO,YES,NO,NO,Monster Manual
Horned Devil,Fiend,LE,Large,11,18,178,NO,2d8+6,1d8+6,74,11.00,NO,NO,NO,NO,NO,NO,NO,NO,NO,NO,NO,Monster Manual
Hunter Shark,Beast,U,Large,2,12,45,NO,2d8+4,N/A,330,2.00,NO,NO,NO,NO,NO,NO,NO,NO,NO,YES,NO,Monster Manual
Hydra,Monstrosity,U,Huge,8,15,172,NO,1d10+5,N/A,190,8.00,NO,NO,NO,NO,NO,NO,NO,YES,NO,NO,NO,Monster Manual
Hyena,Beast,U,Medium,0,11,5,NO,1d6,N/A,331,0.00,NO,NO,YES,YES,NO,YES,NO,NO,NO,NO,NO,Monster Manual
Ice Devil,Fiend,LE,Large,14,18,180,NO,5d6+5,2d4+3d6+5,75,14.00,NO,NO,NO,NO,NO,NO,NO,NO,NO,NO,NO,Monster Manual
Ice Mephit,Elemental,NE,Small,1/2,11,21,YES,2d4+1,2d4,215,0.50,YES,NO,NO,NO,NO,NO,NO,NO,NO,NO,NO,Monster Manual
Illusionist,Humanoid,ANY,Medium,3,12,38,NO,1d6-1,N/A,214,,NO,NO,NO,NO,NO,NO,NO,NO,NO,NO,YES,Volo's Guide to Monsters
Imp,Fiend,LE,Tiny,1,13,10,NO,1d4+3,N/A,76,1.00,NO,NO,NO,NO,NO,NO,NO,NO,NO,NO,NO,Monster Manual
Intellect Devourer,Aberration,LE,Tiny,2,12,21,NO,2d4+2,N/A,191,2.00,NO,NO,NO,NO,NO,NO,NO,NO,YES,NO,NO,Monster Manual
Invisible Stalker,Elemental,N,Medium,6,14,104,NO,2d6+3,N/A,192,6.00,NO,NO,NO,NO,NO,NO,NO,NO,NO,NO,YES,Monster Manual
Iron Golem,Construct,U,Large,16,20,210,NO,3d8+7,3d10+7,170,16.00,NO,NO,NO,NO,NO,NO,NO,NO,NO,NO,NO,Monster Manual
Jackal,Beast,U,Small,0,12,3,NO,1d4-1,N/A,331,0.00,NO,NO,YES,NO,YES,NO,NO,NO,NO,NO,NO,Monster Manual
Jackalwere,Humanoid,CE,Medium,1/2,12,18,NO,1d4+2,1d6+2,193,0.50,NO,NO,YES,NO,YES,NO,NO,NO,NO,NO,NO,Monster Manual
Kenku,Humanoid,CN,Medium,1/4,13,13,NO,1d6+3,1d6+3,194,0.25,NO,NO,NO,YES,NO,NO,NO,NO,NO,NO,YES,Monster Manual
Killer Whale,Beast,U,Huge,3,12,90,NO,5d6+4,N/A,331,3.00,NO,NO,NO,NO,NO,NO,NO,NO,NO,YES,NO,Monster Manual
Ki-Rin,Celestial,LG,Huge,12,20,152,YES,2d4+5,2d8+5,163,,NO,YES,YES,NO,YES,NO,YES,NO,NO,NO,NO,Volo's Guide to Monsters
Knight,Humanoid,ANY,Medium,3,18,52,NO,2d6+3,1d10,347,3.00,NO,NO,NO,NO,NO,NO,NO,NO,NO,NO,YES,Monster Manual
Kobold,Humanoid,LE,Small,1/8,12,5,NO,1d4+2,1d4+2,195,0.13,YES,YES,YES,YES,NO,YES,YES,YES,YES,NO,YES,Monster Manual
Kobold Dragon Dragonshield,Humanoid,LE,Small,1,15,44,NO,1d6+1,N/A,165,,NO,NO,NO,YES,NO,YES,YES,NO,YES,NO,NO,Volo's Guide to Monsters
Kobold Inventor,Humanoid,LE,Small, 1/4,12,13,NO,1d4+2,1d4+2,166,,NO,NO,NO,YES,NO,YES,YES,NO,YES,NO,YES,Volo's Guide to Monsters
Kobold Scale Sorcerer,Humanoid,LE,Small,1,15,27,YES,1d4+2,N/A,167,,NO,NO,NO,YES,NO,YES,YES,NO,YES,NO,YES,Volo's Guide to Monsters
Korred,Fey,CN,Small,7,17,102,YES,1d8+6,2d8+6,168,,NO,NO,NO,YES,NO,NO,NO,NO,NO,NO,NO,Volo's Guide to Monsters
Kraken,Monstrosity,CE,Gargantuan,23,18,472,NO,3d8+10,3d6+10,197,23.00,NO,NO,NO,NO,NO,NO,NO,NO,NO,YES,NO,Monster Manual
Kraken Priest,Humanoid,ANY EVIL,Medium,5,10,75,YES,5d10,N/A,215,,NO,YES,NO,NO,NO,NO,NO,NO,NO,YES,NO,Volo's Guide to Monsters
Kuo-Toa,Humanoid,NE,Medium,1/4,13,18,NO,1d4+1,1d8+1,199,0.25,NO,NO,NO,NO,NO,NO,NO,NO,YES,NO,NO,Monster Manual
Kuo-Toa Archpriest,Humanoid,NE,Medium,6,13,97,YES,5d6+3,1d4+2,200,6.00,NO,NO,NO,NO,NO,NO,NO,NO,YES,NO,NO,Monster Manual
Kuo-Toa Whip,Humanoid,NE,Medium,1,11,65,YES,1d4+2,1d6+2,200,1.00,NO,NO,NO,NO,NO,NO,NO,NO,YES,NO,NO,Monster Manual
Lamia,Monstrosity,CE,Large,4,13,97,YES,2d10+3,1d4+3,201,4.00,NO,NO,YES,NO,NO,NO,NO,NO,NO,NO,NO,Monster Manual
Lemure,Fiend,LE,Medium,0,7,13,NO,1d4,N/A,76,0.00,NO,NO,NO,NO,NO,NO,NO,NO,NO,NO,NO,Monster Manual
Leucrotta,Monstrosity,CE,Large,3,14,67,NO,1d8+4,2d6+4,169,,NO,NO,NO,NO,YES,NO,NO,NO,NO,NO,NO,Volo's Guide to Monsters
Lich,Undead,E,Medium,21,17,135,YES,3d6,N/A,202,21.00,NO,NO,NO,NO,NO,NO,NO,NO,NO,NO,NO,Monster Manual
Lion,Beast,U,Large,1,12,26,NO,1d8+3,1d6+3,331,1.00,NO,NO,YES,NO,YES,YES,YES,NO,NO,NO,NO,Monster Manual
Lizard,Beast,U,Tiny,0,10,2,NO,1,N/A,332,0.00,NO,NO,NO,NO,NO,NO,NO,NO,NO,NO,NO,Monster Manual
Lizard King/Queen,Humanoid,CE,Medium,4,15,78,NO,1d6+3,1d4+3,205,4.00,NO,NO,NO,NO,NO,NO,NO,NO,NO,NO,NO,Monster Manual
Lizardfolk,Humanoid,N,Medium,1/2,15,22,NO,1d6+2,1d6+2,204,0.50,NO,NO,NO,YES,NO,NO,NO,YES,NO,NO,NO,Monster Manual
Lizardfolk Shaman,Humanoid,N,Medium,2,13,27,YES,1d6+2,1d4+2,205,2.00,NO,NO,NO,YES,NO,NO,NO,YES,NO,NO,NO,Monster Manual
Mage,Humanoid,ANY,Medium,6,12,40,YES,1d4+2,N/A,347,6.00,NO,NO,NO,NO,NO,NO,NO,NO,NO,NO,YES,Monster Manual
Magma Mephit,Elemental,NE,Small,1/2,11,22,YES,2d4+1,N/A,216,0.50,NO,NO,NO,NO,NO,NO,NO,NO,YES,NO,NO,Monster Manual
Magmin,Elemental,CN,Small,1/2,14,9,NO,2d6,N/A,212,0.50,NO,NO,NO,NO,NO,NO,NO,NO,NO,NO,NO,Monster Manual
Mammoth,Beast,U,Huge,6,13,126,NO,4d8+7,4d10+7,332,6.00,YES,NO,NO,NO,NO,NO,NO,NO,NO,NO,NO,Monster Manual
Manes,Fiend,CE,Small,1/8,9,9,NO,2d4,N/A,60,0.13,NO,NO,NO,NO,NO,NO,NO,NO,NO,NO,NO,Monster Manual
Manticore,Monstrosity,LE,Large,3,14,68,NO,1d8+3,1d6+3,213,3.00,YES,YES,NO,NO,YES,YES,YES,NO,NO,NO,NO,Monster Manual
Marid,Elemental,CN,Large,11,17,229,YES,2d8+6,6d6,146,11.00,NO,YES,NO,NO,NO,NO,NO,NO,NO,YES,NO,Monster Manual
Marilith,Fiend,CE,Large,16,18,189,NO,2d8+4,2d10+4,61,16.00,NO,NO,NO,NO,NO,NO,NO,NO,NO,NO,NO,Monster Manual
Martial Arts Adept,Humanoid,ANY,Medium,3,16,60,NO,1d8+3,1d4+3,216,,NO,NO,NO,NO,NO,NO,NO,NO,NO,NO,YES,Volo's Guide to Monsters
Master Thief,Humanoid,ANY,Medium,5,16,84,NO,1d6+4,1d8+4,216,,NO,NO,NO,NO,NO,NO,NO,NO,NO,NO,YES,Volo's Guide to Monsters
Mastiff,Beast,U,Medium,1/8,12,5,NO,1d6+1,N/A,332,0.13,NO,NO,NO,YES,NO,YES,NO,NO,NO,NO,YES,Monster Manual
Maw Demon,Fiend,CE,Medium,1,13,33,NO,1d8+2,N/A,137,,NO,NO,NO,NO,NO,NO,NO,NO,YES,NO,NO,Volo's Guide to Monsters
Medusa,Monstrosity,LE,Medium,6,15,127,NO,1d4+4d6+2,1d6+2,214,6.00,NO,NO,YES,NO,NO,NO,NO,NO,NO,NO,NO,Monster Manual
Meenlock,Fey,NE,Small,2,15,31,NO,2d4+2,N/A,170,,NO,NO,NO,YES,NO,NO,NO,YES,NO,NO,YES,Volo's Guide to Monsters
Merfolk,Humanoid,N,Medium,1/8,11,11,NO,1d8,N/A,218,0.13,NO,YES,NO,NO,NO,NO,NO,NO,NO,YES,NO,Monster Manual
Merrow,Monstrosity,CE,Large,2,13,45,NO,1d8+4,2d4+4,219,2.00,NO,YES,NO,NO,NO,NO,NO,NO,NO,YES,NO,Monster Manual
Mezzoloth,Fiend,NE,Medium,5,18,75,YES,2d4+4,1d6+4,313,5.00,NO,NO,NO,NO,NO,NO,NO,NO,NO,NO,NO,Monster Manual
Mimic,Monstrosity,N,Medium,2,12,58,NO,1d8+3,2d8+3,220,2.00,NO,NO,NO,NO,NO,NO,NO,NO,YES,NO,YES,Monster Manual
Mind Flayer,Aberration,LE,Medium,7,15,71,YES,2d10+4,10d10,222,7.00,NO,NO,NO,NO,NO,NO,NO,NO,YES,NO,NO,Monster Manual
Mind Flayer Lich,Undead,ANY EVIL,Medium,22,17,135,YES,3d10+5,10d10,172,,NO,NO,NO,NO,NO,NO,NO,NO,YES,NO,NO,Volo's Guide to Monsters
Mindwitness,Aberration,LE,Large,5,15,75,NO,4d6+2,4d8+2,176,,NO,NO,NO,NO,NO,NO,NO,NO,YES,NO,NO,Volo's Guide to Monsters
Minotaur,Monstrosity,CE,Large,3,14,76,NO,2d12+4,2d8+4,223,3.00,NO,NO,NO,NO,NO,NO,NO,NO,YES,NO,NO,Monster Manual
Minotaur Skeleton,Undead,LE,Large,2,12,67,NO,2d12+4,2d8+4,273,2.00,NO,NO,NO,NO,NO,NO,NO,NO,NO,NO,NO,Monster Manual
Monodrone,Construct,LN,Medium,1/8,15,5,NO,1d4+1,1d6+1,224,0.13,NO,NO,NO,NO,NO,NO,NO,NO,NO,NO,NO,Monster Manual
Morkoth,Aberration,CE,Medium,11,17,130,YES,2d6+2,3d8+2,178,,NO,YES,NO,NO,NO,NO,NO,NO,NO,YES,NO,Volo's Guide to Monsters
Mouth of Grolantor,Giant,CE,Huge,6,14,105,NO,3d6+5,3d8+5,149,,NO,NO,NO,NO,YES,YES,NO,NO,NO,NO,NO,Volo's Guide to Monsters
Mud Mephit,Elemental,NE,Small,1/4,11,27,NO,1d6+1,N/A,216,0.25,NO,NO,NO,NO,NO,NO,NO,YES,NO,NO,NO,Monster Manual
Mule,Beast,U,Medium,1/8,10,11,NO,1d4+2,N/A,333,0.13,NO,NO,YES,NO,NO,YES,NO,NO,NO,NO,YES,Monster Manual
Mummy,Undead,LE,Medium,3,11,58,NO,5d6+3,N/A,228,3.00,NO,NO,YES,NO,NO,NO,NO,NO,NO,NO,NO,Monster Manual
Mummy Lord,Undead,LE,Medium,15,17,97,YES,9d6+4,N/A,229,15.00,NO,NO,YES,NO,NO,NO,NO,NO,NO,NO,NO,Monster Manual
Myconid Adult,Plant,LN,Medium,1/2,12,22,NO,4d4,N/A,232,0.50,NO,NO,NO,NO,NO,NO,NO,NO,YES,NO,NO,Monster Manual
Myconid Sovereign,Plant,LN,Large,2,13,60,NO,6d4+1,N/A,232,2.00,NO,NO,NO,NO,NO,NO,NO,NO,NO,NO,NO,Monster Manual
Myconid Sprout,Plant,LN,Small,0,10,7,NO,2d4-1,N/A,230,0.00,NO,NO,NO,NO,NO,NO,NO,NO,YES,NO,NO,Monster Manual
Nalfeshnee,Fiend,LE,Large,13,18,184,NO,5d10+5,3d6+5,62,13.00,NO,NO,NO,NO,NO,NO,NO,NO,NO,NO,NO,Monster Manual
Necromancer,Humanoid,ANY,Medium,9,12,66,YES,2d4,N/A,217,,NO,NO,YES,NO,NO,NO,NO,NO,NO,NO,YES,Volo's Guide to Monsters
Needle Blight,Plant,NE,Medium,1/4,12,11,NO,2d4+1,2d6+1,32,0.25,NO,NO,NO,YES,NO,NO,NO,NO,NO,NO,NO,Monster Manual
Neogi,Aberration,LE,Small,3,15,33,NO,1d6+3,2d4+3,180,,NO,NO,NO,NO,NO,YES,NO,NO,YES,NO,NO,Volo's Guide to Monsters
Neogi Hatchling,Aberration,LE,Tiny, 1/8,11,7,NO,1d4+1,N/A,179,,NO,NO,NO,NO,NO,YES,NO,NO,YES,NO,NO,Volo's Guide to Monsters
Neogi Master,Aberration,LE,Medium,4,15,71,YES,1d6+3,2d4+3,180,,NO,NO,NO,NO,NO,YES,NO,NO,YES,NO,NO,Volo's Guide to Monsters
Neothelid,Aberration,CE,Gargantuan,13,16,325,YES,3d8+8,10d6,181,,NO,NO,NO,NO,NO,NO,NO,NO,YES,NO,NO,Volo's Guide to Monsters
Night Hag,Fiend,NE,Medium,5,17,112,YES,2d8+4,N/A,178,5.00,NO,NO,NO,NO,NO,NO,NO,NO,NO,NO,NO,Monster Manual
Nightmare,Fiend,NE,Large,3,13,68,NO,2d8+2d6+4,N/A,235,3.00,NO,NO,NO,NO,NO,NO,NO,NO,NO,NO,NO,Monster Manual
Nilbog,Humanoid,CE,Small,1,13,7,YES,1d6+2,1d6+2,182,,NO,NO,NO,YES,NO,YES,NO,NO,YES,NO,NO,Volo's Guide to Monsters
Noble,Humanoid,ANY,Medium,1/8,15,9,NO,1d8+1,N/A,348,0.13,NO,NO,NO,NO,NO,NO,NO,NO,NO,NO,YES,Monster Manual
Nothic,Aberration,NE,Medium,2,15,45,NO,1d6+3,N/A,236,2.00,NO,NO,NO,NO,NO,NO,NO,NO,YES,NO,NO,Monster Manual
Nycaloth,Fiend,NE,Large,9,18,123,YES,2d6+5,2d12+5,314,9.00,NO,NO,NO,NO,NO,NO,NO,NO,NO,NO,NO,Monster Manual
Ochre Jelly,Ooze,U,Large,2,8,45,NO,3d6+2,N/A,243,2.00,NO,NO,NO,NO,NO,NO,NO,NO,YES,NO,NO,Monster Manual
Octopus,Beast,U,Small,0,12,3,NO,1,N/A,333,0.00,NO,NO,NO,NO,NO,NO,NO,NO,NO,NO,NO,Monster Manual
Ogre,Giant,CE,Large,2,11,59,NO,2d8+4,2d6+4,237,2.00,YES,YES,YES,YES,YES,NO,YES,YES,YES,NO,NO,Monster Manual
Ogre Zombie,Undead,NE,Large,2,8,85,NO,2d8+6,N/A,316,2.00,NO,NO,NO,NO,NO,NO,NO,NO,NO,NO,NO,Monster Manual
Oni,Giant,LE,Large,7,16,110,YES,1d8+4,2d10+4,239,7.00,NO,NO,NO,YES,NO,NO,NO,NO,NO,NO,YES,Monster Manual
Orc,Humanoid,CE,Medium,1/2,13,15,NO,1d12+3,1d6+3,246,0.50,YES,NO,NO,YES,YES,YES,YES,YES,YES,NO,NO,Monster Manual
Orc Blade of Ilneval,Humanoid,CE,Medium,4,18,60,NO,2d8+3,1d6+3,183,,NO,NO,NO,YES,YES,YES,YES,NO,YES,NO,NO,Volo's Guide to Monsters
Orc Claw of Luthic,Humanoid,CE,Medium,2,14,45,YES,1d8+2,N/A,183,,NO,NO,NO,NO,NO,NO,YES,NO,YES,NO,NO,Volo's Guide to Monsters
Orc Eye of Gruumsh,Humanoid,CE,Medium,2,16,45,YES,2d8+3,N/A,247,2.00,YES,NO,NO,YES,YES,YES,YES,YES,YES,NO,NO,Monster Manual
Orc Hand of Yurtrus,Humanoid,CE,Medium,2,12,30,YES,2d8,N/A,184,,NO,NO,NO,YES,YES,YES,YES,NO,YES,NO,NO,Volo's Guide to Monsters
Orc Nurtured One of Yurtrus,Humanoid,CE,Medium, 1/2,9,30,NO,1d4+2,N/A,184,,NO,NO,NO,YES,YES,YES,NO,NO,YES,NO,NO,Volo's Guide to Monsters
Orc Red Fang of Shargaas,Humanoid,CE,Medium,3,15,52,NO,3d6+3,3d4+3,185,,NO,NO,NO,YES,NO,YES,YES,NO,YES,NO,YES,Volo's Guide to Monsters
Orc War Chief,Humanoid,CE,Medium,4,16,93,NO,1d12+1d8+4,2d8+4,246,4.00,NO,NO,NO,NO,NO,NO,NO,NO,NO,NO,NO,Monster Manual
Orog,Humanoid,CE,Medium,2,18,42,NO,1d12+4,1d6+4,247,2.00,YES,NO,NO,YES,YES,YES,YES,NO,YES,NO,NO,Monster Manual
Otyugh,Aberration,N,Large,5,14,114,NO,2d8+3,2d8+3,248,5.00,NO,NO,NO,NO,NO,NO,NO,NO,YES,NO,NO,Monster Manual
Owl,Beast,U,Tiny,0,11,1,NO,1,N/A,333,0.00,YES,NO,NO,YES,NO,NO,NO,NO,NO,NO,NO,Monster Manual
Owlbear,Monstrosity,U,Large,3,13,59,NO,1d10+5,2d8+5,249,3.00,NO,NO,NO,YES,NO,NO,NO,NO,NO,NO,NO,Monster Manual
Ox (Cow),Beast,U,Large, 1/4,10,15,NO,1d6+4,N/A,207,,NO,NO,NO,NO,NO,NO,NO,NO,NO,NO,NO,Volo's Guide to Monsters
Panther,Beast,U,Medium,1/4,12,13,NO,1d6+2,1d4+2,333,0.25,NO,NO,NO,YES,YES,YES,NO,NO,NO,NO,NO,Monster Manual
Pegasus,Celestial,CG,Large,2,12,59,NO,2d6+4,N/A,250,2.00,NO,NO,NO,YES,YES,YES,NO,NO,NO,NO,NO,Monster Manual
Pentadrone,Construct,LN,Large,2,16,32,NO,1d6+2,N/A,226,2.00,NO,NO,NO,NO,NO,NO,NO,NO,NO,NO,NO,Monster Manual
Peryton,Monstrosity,CE,Medium,2,13,33,NO,1d8+3,2d4+3,251,2.00,NO,NO,NO,NO,NO,YES,YES,NO,NO,NO,NO,Monster Manual
Phase Spider,Monstrosity,U,Large,3,13,32,NO,1d10+2,N/A,334,3.00,NO,NO,YES,YES,YES,YES,NO,NO,YES,NO,YES,Monster Manual
Piercer,Monstrosity,U,Medium,1/2,15,22,NO,VARIES,N/A,252,0.50,NO,NO,NO,NO,NO,NO,NO,NO,YES,NO,NO,Monster Manual
Pit Fiend,Fiend,LE,Large,20,19,300,YES,4d6+8,2d8+8,77,20.00,NO,NO,NO,NO,NO,NO,NO,NO,NO,NO,NO,Monster Manual
Pixie,Fey,NG,Tiny,1/4,15,1,YES,N/A,N/A,253,0.25,NO,NO,NO,YES,NO,NO,NO,NO,NO,NO,NO,Monster Manual
Planetar,Celestial,LG,Large,16,19,200,YES,4d6+5d8+7,N/A,17,16.00,NO,NO,NO,NO,NO,NO,NO,NO,NO,NO,NO,Monster Manual
Plesiosaurus,Beast,U,Large,2,13,68,NO,3d6+4,N/A,80,2.00,NO,YES,NO,NO,NO,NO,NO,NO,NO,YES,NO,Monster Manual
Poisonous Snake,Beast,U,Tiny,1/8,13,2,NO,1,N/A,334,0.13,NO,YES,YES,YES,YES,YES,NO,YES,NO,NO,NO,Monster Manual
Polar Bear,Beast,U,Large,2,12,42,NO,1d8+5,2d6+5,334,2.00,YES,NO,NO,NO,NO,NO,NO,NO,YES,NO,NO,Monster Manual
Pony,Beast,U,Medium,1/8,10,11,NO,2d4+2,N/A,335,0.13,NO,NO,NO,NO,NO,NO,NO,NO,NO,NO,YES,Monster Manual
Priest,Humanoid,ANY,Medium,2,13,27,YES,1d6,N/A,348,2.00,NO,NO,NO,NO,NO,NO,NO,NO,NO,NO,YES,Monster Manual
Pseudodragon,Dragon,NG,Tiny,1/4,13,7,NO,1d4+2,1d4+2,254,0.25,NO,YES,YES,YES,NO,YES,YES,NO,NO,NO,YES,Monster Manual
Pteranodon,Beast,U,Medium,1/4,13,13,NO,2d4+1,N/A,80,0.25,NO,YES,NO,NO,YES,NO,YES,NO,NO,NO,NO,Monster Manual
Purple Worm,Monstrosity,U,Gargantuan,15,18,247,NO,3d8+9,15d6+9,255,15.00,NO,NO,YES,NO,NO,NO,NO,NO,YES,NO,NO,Monster Manual
Quadrone,Construct,LN,Medium,1,16,22,NO,1d4+1,1d6+1,226,1.00,NO,NO,NO,NO,NO,NO,NO,NO,NO,NO,NO,Monster Manual
Quaggoth,Humanoid,CN,Medium,2,13,45,NO,1d6+3,N/A,256,2.00,NO,NO,NO,NO,NO,NO,NO,NO,YES,NO,NO,Monster Manual
Quaggoth Spore Servant,Plant,U,Medium,1,13,45,NO,1d6+3,N/A,230,1.00,NO,NO,NO,NO,NO,NO,NO,NO,YES,NO,NO,Monster Manual
Quasit,Fiend,CE,Tiny,1,13,7,NO,1d4+3,N/A,63,1.00,NO,NO,NO,NO,NO,NO,NO,NO,NO,NO,NO,Monster Manual
Quetzalcoatlus,Beast,U,Huge,2,13,30,NO,3d6+2,N/A,140,,NO,YES,NO,NO,NO,YES,YES,NO,NO,NO,NO,Volo's Guide to Monsters
Quickling,Fey,CE,Tiny,1,16,10,NO,1d4+6,N/A,187,,NO,NO,NO,YES,NO,NO,NO,NO,NO,NO,NO,Volo's Guide to Monsters
Quipper,Beast,U,Tiny,0,13,1,NO,1,N/A,335,0.00,NO,NO,NO,NO,NO,NO,NO,NO,NO,YES,NO,Monster Manual
Rakshasa,Fiend,LE,Medium,13,16,110,YES,2d6+2,N/A,257,13.00,NO,NO,NO,NO,NO,NO,NO,NO,NO,NO,YES,Monster Manual
Rat,Beast,U,Tiny,0,10,1,NO,N/A,N/A,335,0.00,NO,NO,NO,NO,NO,NO,NO,YES,NO,NO,YES,Monster Manual
Raven,Beast,U,Tiny,0,12,1,NO,1,N/A,335,0.00,NO,NO,NO,NO,NO,YES,NO,YES,NO,NO,YES,Monster Manual
"Red Dragon, Adult",Dragon,CE,Huge,17,19,256,NO,2d10+2d6+8,2d6+8,98,17.00,NO,NO,NO,NO,NO,YES,YES,NO,NO,NO,NO,Monster Manual
"Red Dragon, Ancient",Dragon,CE,Gargantuan,24,22,546,NO,2d10+4d6+10,2d6+10,97,24.00,NO,NO,NO,NO,NO,YES,YES,NO,NO,NO,NO,Monster Manual
"Red Dragon, Wyrmling",Dragon,CE,Medium,4,17,75,NO,1d10+1d6+4,7d6,98,4.00,NO,NO,NO,NO,NO,NO,NO,NO,NO,NO,NO,Monster Manual
"Red Dragon, Young",Dragon,CE,Large,10,18,178,NO,2d10+1d6+6,2d6+6,98,10.00,NO,NO,NO,NO,NO,YES,YES,NO,NO,NO,NO,Monster Manual
Red Slaad,Aberration,CN,Large,5,14,93,NO,2d4+3,1d8+3,276,5.00,NO,NO,NO,NO,NO,NO,NO,NO,NO,NO,NO,Monster Manual
Redcap,Fey,CE,Small,3,13,45,NO,2d4+4,3d10+4,188,,NO,NO,NO,YES,NO,YES,NO,YES,NO,NO,NO,Volo's Guide to Monsters
Reef Shark,Beast,U,Medium,1/2,12,22,NO,1d8+2,N/A,336,0.50,NO,NO,NO,NO,NO,NO,NO,NO,NO,YES,NO,Monster Manual
Remorhaz,Monstrosity,U,Huge,11,17,195,NO,6d10+3d6+7,N/A,258,11.00,YES,NO,NO,NO,NO,NO,NO,NO,NO,NO,NO,Monster Manual
Revenant,Undead,N,Medium,5,13,136,NO,2d6+4,N/A,259,5.00,YES,NO,YES,YES,NO,YES,NO,YES,NO,NO,YES,Monster Manual
Rhinoceros,Beast,U,Large,2,11,45,NO,2d8+5,N/A,336,2.00,NO,NO,NO,NO,YES,NO,NO,NO,NO,NO,NO,Monster Manual
Riding Horse,Beast,U,Large,1/4,10,13,NO,2d4+3,N/A,336,0.25,NO,NO,NO,NO,YES,NO,NO,NO,NO,NO,YES,Monster Manual
Roc,Monstrosity,U,Gargantuan,11,15,248,NO,4d8+9,4d6+9,260,11.00,YES,YES,YES,NO,NO,YES,YES,NO,NO,NO,NO,Monster Manual
Roper,Monstrosity,NE,Large,5,20,93,NO,4d8+4,N/A,261,5.00,NO,NO,NO,NO,NO,NO,NO,NO,YES,NO,NO,Monster Manual
Rothe (Cow),Beast,U,Large, 1/4,10,15,NO,1d6+4,N/A,207,,NO,NO,NO,NO,NO,NO,NO,NO,NO,NO,NO,Volo's Guide to Monsters
Rug of Smothering,Construct,U,Large,2,12,33,NO,2d6+3,N/A,20,2.00,NO,NO,NO,NO,NO,NO,NO,NO,NO,NO,NO,Monster Manual
Rust Monster,Monstrosity,U,Medium,1/2,14,27,NO,1d8+1,N/A,262,0.50,NO,NO,NO,NO,NO,NO,NO,NO,YES,NO,NO,Monster Manual
Saber-Toothed Tiger,Beast,U,Large,2,12,52,NO,1d10+5,2d6+5,336,2.00,YES,NO,NO,NO,NO,NO,YES,NO,NO,NO,NO,Monster Manual
Sahuagin,Humanoid,LE,Medium,1/2,12,22,NO,1d4+1,1d4+1,263,0.50,NO,YES,NO,NO,NO,NO,NO,NO,NO,YES,NO,Monster Manual
Sahuagin Baron,Humanoid,LE,Large,5,16,76,NO,2d4+4,2d6+4,264,5.00,NO,YES,NO,NO,NO,NO,NO,NO,NO,YES,NO,Monster Manual
Sahuagin Priestess,Humanoid,LE,Medium,2,12,33,YES,1d4+1,1d4+1,264,2.00,NO,YES,NO,NO,NO,NO,NO,NO,NO,YES,NO,Monster Manual
Salamander,Elemental,NE,Large,5,15,90,NO,2d8+1d6+4,4d6+4,266,5.00,NO,NO,NO,NO,NO,NO,NO,NO,YES,NO,NO,Monster Manual
Satyr,Fey,CN,Medium,1/2,14,31,NO,2d4+1,1d6+3,267,0.50,NO,NO,NO,YES,NO,NO,NO,NO,NO,NO,NO,Monster Manual
Scarecrow,Construct,CE,Medium,1,11,36,NO,2d4+1,N/A,268,1.00,NO,NO,NO,NO,YES,NO,NO,NO,NO,NO,NO,Monster Manual
Scorpion,Beast,U,Tiny,0,11,1,NO,1,N/A,337,0.00,NO,NO,YES,NO,NO,NO,NO,NO,NO,NO,NO,Monster Manual
Scout,Humanoid,ANY,Medium,1/2,13,16,NO,1d6+2,1d8+2,349,0.50,YES,YES,YES,YES,YES,NO,YES,YES,YES,NO,NO,Monster Manual
Sea Hag,Fey,CE,Medium,2,14,52,NO,2d6+3,N/A,179,2.00,NO,YES,NO,NO,NO,NO,NO,NO,NO,YES,NO,Monster Manual
Sea Horse,Beast,U,Tiny,0,11,1,NO,N/A,N/A,337,0.00,NO,NO,NO,NO,NO,NO,NO,NO,NO,NO,NO,Monster Manual
Sea Spawn,Humanoid,NE,Medium,1,11,32,NO,1d4+2,N/A,189,,NO,YES,NO,NO,NO,NO,NO,NO,NO,YES,NO,Volo's Guide to Monsters
Shadow,Undead,CE,Medium,1/2,12,16,NO,2d6+2,N/A,269,0.50,NO,NO,NO,NO,NO,NO,NO,NO,YES,NO,YES,Monster Manual
Shadow Demon,Fiend,CE,Medium,4,13,66,NO,2d6+3,N/A,64,4.00,NO,NO,NO,NO,NO,NO,NO,NO,NO,NO,NO,Monster Manual
Shadow Dragon,Dragon,CE,VARIES,13,18,178,NO,2d10+1d6+6,2d6+6,85,13.00,NO,NO,NO,NO,NO,NO,NO,NO,YES,NO,NO,Monster Manual
Shadow Mastiff,Monstrosity,NE,Medium,2,12,33,NO,2d6+3,N/A,190,,NO,NO,NO,YES,NO,YES,NO,YES,NO,NO,NO,Volo's Guide to Monsters
Shambling Mound,Plant,U,Large,5,15,136,NO,2d8+4,N/A,270,5.00,NO,NO,NO,YES,NO,NO,NO,YES,NO,NO,NO,Monster Manual
Shield Guardian,Construct,U,Large,7,17,142,NO,2d6+4,N/A,271,7.00,NO,NO,NO,NO,NO,NO,NO,NO,NO,NO,YES,Monster Manual
Shoosuva,Fiend,CE,Large,8,14,110,NO,4d10+4,2d8+4,137,,YES,NO,NO,YES,YES,YES,NO,NO,NO,NO,NO,Volo's Guide to Monsters
Shrieker,Plant,U,Medium,0,5,13,NO,N/A,N/A,138,0.00,NO,NO,NO,NO,NO,NO,NO,NO,YES,NO,NO,Monster Manual
"Silver Dragon, Adult",Dragon,LG,Huge,16,19,243,NO,2d10+8,2d6+8,117,16.00,NO,NO,NO,NO,NO,NO,YES,NO,NO,NO,YES,Monster Manual
"Silver Dragon, Ancient",Dragon,LG,Gargantuan,23,22,487,NO,2d10+10,2d6+10,116,23.00,NO,NO,NO,NO,NO,NO,YES,NO,NO,NO,YES,Monster Manual
"Silver Dragon, Wyrmling",Dragon,LG,Medium,2,17,45,NO,1d10+4,4d8,118,2.00,NO,NO,NO,NO,NO,NO,NO,NO,NO,NO,NO,Monster Manual
"Silver Dragon, Young",Dragon,LG,Large,9,18,168,NO,2d10+6,2d6+6,118,9.00,NO,NO,NO,NO,NO,NO,YES,NO,NO,NO,YES,Monster Manual
Skeleton,Undead,LE,Medium,1/4,13,13,NO,1d6+2,1d6+2,272,0.25,NO,NO,NO,NO,NO,NO,NO,NO,NO,NO,YES,Monster Manual
Slaad Tadpole,Aberration,CN,Tiny,1/8,12,10,NO,1d4+2,N/A,276,0.13,NO,NO,NO,NO,NO,NO,NO,NO,NO,NO,NO,Monster Manual
Slithering Tracker,Ooze,CE,Medium,3,14,32,NO,1d10+3,3d10,191,,NO,NO,NO,NO,NO,NO,NO,NO,YES,NO,YES,Volo's Guide to Monsters
Smoke Mephit,Elemental,NE,Small,1/4,12,22,YES,1d4+2,N/A,217,0.25,NO,NO,NO,NO,NO,NO,NO,NO,NO,NO,YES,Monster Manual
Solar,Celestial,LG,Large,21,21,243,YES,4d6+6d8+8,8d8+6,18,21.00,NO,NO,NO,NO,NO,NO,NO,NO,NO,NO,NO,Monster Manual
Spawn of Kyuss,Undead,CE,Medium,5,10,76,NO,3d6+3,N/A,192,,NO,NO,YES,NO,NO,NO,NO,NO,YES,NO,NO,Volo's Guide to Monsters
Spectator,Aberration,LN,Medium,3,14,39,NO,1d6-1,N/A,30,3.00,NO,NO,NO,NO,NO,NO,NO,NO,YES,NO,NO,Monster Manual
Specter,Undead,CE,Medium,1,12,22,NO,1d6,N/A,279,1.00,NO,NO,NO,NO,NO,NO,NO,NO,YES,NO,YES,Monster Manual
Spider,Beast,U,Tiny,0,12,1,NO,1,N/A,337,0.00,NO,NO,NO,NO,NO,NO,NO,NO,NO,NO,NO,Monster Manual
Spined Devil,Fiend,LE,Small,2,15,110,NO,1d6+3,2d6+3,78,2.00,NO,NO,NO,NO,NO,NO,NO,NO,NO,NO,NO,Monster Manual
Spirit Naga,Monstrosity,CE,Large,8,15,75,YES,1d6+4,N/A,234,8.00,NO,NO,NO,NO,NO,NO,NO,NO,YES,NO,NO,Monster Manual
Sprite,Fey,NG,Tiny,1/4,15,2,NO,1,N/A,283,0.25,NO,NO,NO,YES,NO,NO,NO,NO,NO,NO,NO,Monster Manual
Spy,Humanoid,ANY,Medium,1,12,27,NO,1d6+2,1d6+2,349,1.00,NO,NO,NO,NO,NO,NO,NO,NO,NO,NO,YES,Monster Manual
Steam Mephit,Elemental,NE,Small,1/4,10,21,YES,2d4,N/A,217,0.25,NO,NO,NO,NO,NO,NO,NO,NO,NO,YES,NO,Monster Manual
Stegosaurus,Beast,U,Huge,4,13,76,NO,6d6+5,N/A,140,,NO,NO,NO,YES,YES,NO,NO,NO,NO,NO,NO,Volo's Guide to Monsters
Stench kow (Cow),Beast,U,Large, 1/4,10,15,NO,1d6+4,N/A,207,,NO,NO,NO,NO,NO,NO,NO,NO,NO,NO,NO,Volo's Guide to Monsters
Stirge,Beast,U,Tiny,1/8,14,2,NO,1d4+3,N/A,284,0.13,NO,YES,YES,NO,YES,YES,YES,YES,YES,NO,YES,Monster Manual
Stone Giant,Giant,N,Huge,7,17,126,NO,3d8+6,4d10+6,156,7.00,NO,NO,NO,NO,NO,YES,YES,NO,NO,NO,NO,Monster Manual
Stone Giant Dreamwalker,Giant,CN,Huge,10,18,161,NO,3d8+6,4d10+6,150,,NO,YES,NO,NO,NO,YES,YES,NO,NO,NO,NO,Volo's Guide to Monsters
Stone Golem,Construct,U,Large,10,17,178,NO,3d8+6,N/A,170,10.00,NO,NO,NO,NO,NO,NO,NO,NO,NO,NO,NO,Monster Manual
Storm Giant,Giant,CG,Huge,13,16,230,YES,6d6+9,4d12+9,156,13.00,NO,YES,NO,NO,NO,NO,NO,NO,NO,YES,NO,Monster Manual
Storm Giant Quintessent,Giant,CG,Huge,16,12,230,NO,9d6+9,3d6+9,151,,YES,YES,YES,NO,NO,NO,YES,NO,NO,YES,NO,Volo's Guide to Monsters
Succubus/Incubus,Fiend,NE,Medium,4,15,66,NO,1d6+3,N/A,285,4.00,NO,NO,NO,NO,NO,NO,NO,NO,NO,NO,YES,Monster Manual
Swarm of Bats,Beast,U,Medium,1/4,12,22,NO,VARIES,N/A,337,0.25,NO,NO,NO,NO,NO,YES,YES,NO,YES,NO,YES,Monster Manual
Swarm of Cranium Rats,Beast,LE,Medium,5,12,36,YES,4d6,N/A,133,,NO,NO,NO,NO,NO,NO,NO,NO,YES,NO,YES,Volo's Guide to Monsters
Swarm of Insects,Beast,U,Medium,1/2,12,22,NO,VARIES,N/A,338,0.50,NO,NO,YES,YES,YES,NO,NO,YES,YES,NO,YES,Monster Manual
Swarm of Poisonous Snakes,Beast,U,Medium,2,14,36,NO,VARIES,N/A,338,2.00,NO,NO,NO,YES,NO,NO,NO,YES,NO,NO,NO,Monster Manual
Swarm of Quippers,Beast,U,Medium,1,13,28,NO,VARIES,N/A,338,1.00,NO,NO,NO,NO,NO,NO,NO,NO,NO,YES,NO,Monster Manual
Swarm of Rats,Beast,U,Medium,1/4,10,24,NO,VARIES,N/A,339,0.25,NO,NO,NO,NO,NO,NO,NO,YES,NO,NO,YES,Monster Manual
Swarm of Ravens,Beast,U,Medium,1/4,12,24,NO,VARIES,N/A,339,0.25,NO,NO,NO,YES,NO,YES,NO,YES,NO,NO,YES,Monster Manual
Swarm of Rot Grubs,Beast,U,Medium, 1/2,8,22,NO,1d6,N/A,208,,NO,NO,NO,NO,NO,NO,NO,YES,YES,NO,NO,Volo's Guide to Monsters
Swashbuckler,Humanoid,NOT LAWFUL,Medium,3,17,66,NO,1d4+4,1d8+4,217,,NO,YES,NO,NO,NO,NO,NO,NO,NO,NO,YES,Volo's Guide to Monsters
Tanarukk,Fiend,CE,Medium,5,14,95,NO,1d8+4,2d6+4,186,,NO,NO,NO,NO,NO,YES,YES,NO,YES,NO,NO,Volo's Guide to Monsters
Tarrasque,Monstrosity,U,Gargantuan,30,25,676,NO,4d8+10,4d10+10,286,30.00,NO,NO,NO,NO,NO,NO,NO,NO,NO,NO,YES,Monster Manual
Thorny,Plant,N,Medium,1,14,27,NO,2d6+1,N/A,197,,NO,NO,NO,YES,NO,NO,NO,YES,NO,NO,NO,Volo's Guide to Monsters
Thri-Kreen,Humanoid,CN,Medium,1,15,33,NO,1d6+1,2d4+1,288,1.00,NO,NO,YES,NO,YES,NO,NO,NO,NO,NO,NO,Monster Manual
Thug,Humanoid,NOT GOOD,Medium,1/2,11,32,NO,1d6+2,1d10,350,0.50,NO,NO,NO,NO,NO,NO,NO,NO,NO,NO,YES,Monster Manual
Tiger,Beast,U,Large,1,12,37,NO,1d10+3,1d8+3,339,1.00,NO,NO,NO,YES,YES,NO,NO,NO,NO,NO,NO,Monster Manual
Tlincalli,Monstrosity,NE,Large,5,15,85,NO,1d10+3,1d6+3,193,,NO,NO,YES,NO,NO,NO,NO,NO,NO,NO,NO,Volo's Guide to Monsters
Transmuter,Humanoid,ANY,Medium,5,12,40,YES,1d6-1,N/A,218,,NO,NO,NO,NO,NO,NO,NO,NO,NO,NO,YES,Volo's Guide to Monsters
Trapper,Monstrosity,U,Large,3,13,85,NO,4d6+3,N/A,194,,NO,NO,NO,NO,NO,NO,NO,NO,YES,NO,NO,Volo's Guide to Monsters
Treant,Plant,CG,Huge,9,16,138,NO,3d6+6,4d10+6,289,9.00,NO,NO,NO,YES,NO,NO,NO,NO,NO,NO,NO,Monster Manual
Tribal Warrior,Humanoid,ANY,Medium,1/8,12,11,NO,1d8+1,N/A,350,0.13,YES,YES,YES,YES,YES,YES,YES,YES,YES,NO,NO,Monster Manual
Triceratops,Beast,U,Huge,5,13,95,NO,4d8+6,3d10+6,80,5.00,NO,NO,NO,NO,YES,NO,NO,NO,NO,NO,NO,Monster Manual
Tridrone,Construct,LN,Medium,1/2,15,16,NO,1d4+1,1d6+1,225,0.50,NO,NO,NO,NO,NO,NO,NO,NO,NO,NO,NO,Monster Manual
Troglodyte,Humanoid,CE,Medium,1/4,11,13,NO,1d4+2,1d4+2,290,0.25,NO,NO,NO,NO,NO,NO,NO,NO,YES,NO,NO,Monster Manual
Troll,Giant,CE,Large,5,15,84,NO,1d6+4,2d6+4,291,5.00,YES,NO,NO,YES,NO,YES,YES,YES,YES,NO,NO,Monster Manual
Twig Blight,Plant,NE,Small,1/8,13,4,NO,1d4+1,N/A,32,0.13,NO,NO,NO,YES,NO,NO,NO,NO,NO,NO,NO,Monster Manual
Tyrannosaurus Rex,Beast,U,Huge,8,13,136,NO,4d12+7,3d8+7,80,8.00,NO,NO,NO,NO,YES,NO,NO,NO,NO,NO,NO,Monster Manual
Ulitharid,Aberration,LE,Large,9,15,127,YES,4d10+5,10d10,175,,NO,NO,NO,NO,NO,NO,NO,NO,YES,NO,NO,Volo's Guide to Monsters
Ultroloth,Fiend,NE,Medium,13,19,153,YES,1d10+3,N/A,314,13.00,NO,NO,NO,NO,NO,NO,NO,NO,NO,NO,NO,Monster Manual
Umber Hulk,Monstrosity,CE,Large,5,18,93,NO,1d8+5,2d8+5,292,5.00,NO,NO,NO,NO,NO,NO,NO,NO,YES,NO,NO,Monster Manual
Unicorn,Celestial,LG,Large,5,12,67,YES,2d6+4,1d8+4,294,5.00,NO,NO,NO,YES,NO,NO,NO,NO,NO,NO,NO,Monster Manual
Vampire,Undead,LE,Medium,13,16,144,NO,4d6+4,N/A,297,13.00,NO,NO,NO,NO,NO,NO,NO,NO,NO,NO,YES,Monster Manual
Vampire Spawn,Undead,NE,Medium,5,15,82,NO,2d4+3,3d6+3,298,5.00,NO,NO,NO,NO,NO,NO,NO,NO,YES,NO,YES,Monster Manual
Vargouille,Fiend,CE,Tiny,1,12,13,NO,4d6+2,N/A,195,,NO,NO,YES,NO,NO,NO,NO,YES,YES,NO,NO,Volo's Guide to Monsters
Vegepygmy,Plant,N,Small, 1/4,13,9,NO,1d6+2,1d4+2,196,,NO,NO,NO,YES,NO,NO,NO,YES,NO,NO,NO,Volo's Guide to Monsters
Vegepygmy Chief,Plant,N,Small,2,14,33,NO,1d6+2,1d8+2,197,,NO,NO,NO,NO,NO,NO,NO,YES,NO,NO,NO,Volo's Guide to Monsters
Velociraptor,Beast,U,Tiny, 1/4,13,10,NO,1d6+2,1d4+2,140,,NO,NO,NO,YES,YES,NO,NO,NO,NO,NO,NO,Volo's Guide to Monsters
Veteran,Humanoid,ANY,Medium,3,17,58,NO,1d10+3,1d6+3,350,3.00,YES,YES,NO,YES,YES,YES,YES,NO,YES,NO,YES,Monster Manual
Vine Blight,Plant,NE,Medium,1/2,12,26,NO,2d6+2,N/A,32,0.50,NO,NO,NO,YES,NO,NO,NO,NO,NO,NO,NO,Monster Manual
Violet Fungus,Plant,U,Medium,1/4,5,18,NO,1d8,N/A,138,0.25,NO,NO,NO,NO,NO,NO,NO,NO,YES,NO,NO,Monster Manual
Vrock,Fiend,CE,Large,6,15,104,NO,2d6+3,2d10+3,64,6.00,NO,NO,NO,NO,NO,NO,NO,NO,NO,NO,NO,Monster Manual
Vulture,Beast,U,Medium,0,10,5,NO,1d4,N/A,339,0.00,NO,NO,YES,NO,YES,YES,NO,NO,NO,NO,NO,Monster Manual
War Priest,Humanoid,ANY,Medium,9,18,117,YES,2d6+3,N/A,218,,NO,NO,YES,NO,NO,NO,NO,NO,NO,NO,YES,Volo's Guide to Monsters
Warhorse,Beast,U,Large,1/2,11,19,NO,2d6+4,N/A,340,0.50,NO,NO,NO,NO,NO,NO,NO,NO,NO,NO,YES,Monster Manual
Warhorse Skeleton,Undead,LE,Large,1/2,13,22,NO,2d6+4,N/A,273,0.50,NO,NO,NO,NO,NO,NO,NO,NO,NO,NO,NO,Monster Manual
Warlock of the Archfey,Humanoid,ANY,Medium,4,11,49,YES,1d4+2,N/A,219,,YES,NO,NO,YES,NO,NO,YES,YES,NO,NO,YES,Volo's Guide to Monsters
Warlock of the Fiend,Humanoid,ANY,Medium,7,12,78,YES,4d6,N/A,219,,YES,NO,YES,NO,NO,NO,NO,NO,YES,NO,YES,Volo's Guide to Monsters
Warlock of the Great Old One,Humanoid,ANY,Medium,6,12,91,YES,1d4+2,N/A,220,,YES,NO,NO,NO,NO,YES,YES,NO,YES,NO,YES,Volo's Guide to Monsters
Warlord,Humanoid,ANY,Medium,12,18,229,NO,2d6+5,1d6+3,220,,NO,NO,NO,NO,NO,NO,NO,NO,NO,NO,YES,Volo's Guide to Monsters
Water Elemental,Elemental,N,Large,5,14,114,NO,2d8+4,N/A,125,5.00,NO,YES,NO,NO,NO,NO,NO,YES,NO,YES,NO,Monster Manual
Water Weird,Elemental,N,Large,3,13,58,NO,2d6+3,N/A,299,3.00,NO,NO,NO,NO,NO,NO,NO,NO,YES,NO,YES,Monster Manual
Weasel,Beast,U,Tiny,0,13,1,NO,1,N/A,340,0.00,NO,NO,NO,NO,NO,NO,NO,NO,NO,NO,NO,Monster Manual
Werebear,Humanoid,NG,Medium,5,11,135,NO,2d10+4,N/A,208,5.00,YES,NO,NO,YES,NO,NO,NO,NO,NO,NO,NO,Monster Manual
Wereboar,Humanoid,NE,Medium,4,11,78,NO,2d6+3,2d6+3,209,4.00,NO,NO,NO,NO,YES,YES,NO,NO,NO,NO,NO,Monster Manual
Wererat,Humanoid,LE,Medium,2,12,35,NO,1d4+2,1d6+2,209,2.00,NO,NO,NO,YES,YES,NO,NO,NO,NO,NO,YES,Monster Manual
Weretiger,Humanoid,N,Medium,4,12,120,NO,1d10+3,1d8+3,210,4.00,NO,NO,YES,NO,NO,NO,NO,NO,NO,NO,NO,Monster Manual
Werewolf,Humanoid,CE,Medium,3,12,58,NO,1d8+2,2d4+2,211,3.00,NO,NO,NO,YES,NO,YES,NO,NO,NO,NO,NO,Monster Manual
"White Dragon, Adult",Dragon,CE,Huge,13,18,200,NO,2d10+1d8+6,2d6+6,101,13.00,YES,NO,NO,NO,NO,NO,NO,NO,NO,NO,NO,Monster Manual
"White Dragon, Ancient",Dragon,CE,Gargantuan,20,20,333,NO,2d10+2d8+8,2d6+8,100,20.00,YES,NO,NO,NO,NO,NO,NO,NO,NO,NO,NO,Monster Manual
"White Dragon, Wyrmling",Dragon,CE,Medium,2,16,32,NO,1d10+1d4+2,5d8,102,2.00,NO,NO,NO,NO,NO,NO,NO,NO,NO,NO,NO,Monster Manual
"White Dragon, Young",Dragon,CE,Large,6,14,135,NO,2d10+1d8+4,2d6+4,101,6.00,YES,NO,NO,NO,NO,NO,NO,NO,NO,NO,NO,Monster Manual
Wight,Undead,NE,Medium,3,14,45,NO,1d6+2,1d10+2,300,3.00,NO,NO,YES,NO,NO,NO,NO,YES,YES,NO,YES,Monster Manual
Will-O'-Wisp,Undead,CE,Tiny,2,19,22,NO,2d8,N/A,301,2.00,NO,NO,NO,YES,NO,NO,NO,YES,NO,NO,YES,Monster Manual
Winged Kobold,Humanoid,LE,Small,1/4,13,7,NO,1d4+3,1d6+3,195,0.25,YES,YES,YES,YES,NO,YES,YES,YES,YES,NO,YES,Monster Manual
Winter Wolf,Monstrosity,NE,Large,3,13,75,NO,2d6+4,4d8,340,3.00,YES,NO,NO,NO,NO,NO,NO,NO,NO,NO,NO,Monster Manual
Wolf,Beast,U,Medium,1/4,13,11,NO,2d4+4,N/A,341,0.25,NO,NO,NO,YES,YES,YES,NO,NO,NO,NO,NO,Monster Manual
Wood Woad,Plant,LN,Medium,5,18,75,NO,4d4+4,N/A,198,,NO,NO,NO,YES,NO,NO,NO,NO,NO,NO,NO,Volo's Guide to Monsters
Worg,Monstrosity,NE,Large,1/2,13,26,NO,2d6+3,N/A,341,0.50,NO,NO,NO,YES,YES,NO,NO,NO,NO,NO,NO,Monster Manual
Wraith,Undead,NE,Medium,5,13,67,NO,4d8+3,N/A,302,5.00,NO,NO,NO,NO,NO,NO,NO,NO,YES,NO,NO,Monster Manual
Wyvern,Dragon,U,Large,6,13,110,NO,2d6+4,2d8+4,303,6.00,NO,NO,NO,NO,NO,YES,YES,NO,NO,NO,NO,Monster Manual
Xorn,Elemental,N,Medium,5,19,73,NO,1d6+3,3d6+3,304,5.00,NO,NO,NO,NO,NO,NO,NO,NO,YES,NO,NO,Monster Manual
Xvart,Humanoid,CE,Small, 1/8,13,7,NO,1d6+2,1d4+2,200,,NO,NO,NO,NO,NO,YES,NO,NO,YES,NO,NO,Volo's Guide to Monsters
Xvart Warlock of Raxivort,Humanoid,CE,Small,1,12,22,YES,1d6+2,N/A,200,,NO,NO,NO,NO,NO,YES,NO,NO,YES,NO,NO,Volo's Guide to Monsters
Yeth Hound,Fey,NE,Large,4,14,51,NO,2d6+4,N/A,201,,NO,NO,NO,YES,YES,YES,NO,NO,NO,NO,NO,Volo's Guide to Monsters
Yeti,Monstrosity,CE,Large,3,12,51,NO,2d6+4,N/A,305,3.00,YES,NO,NO,NO,NO,NO,NO,NO,NO,NO,NO,Monster Manual
Yochlol,Fiend,CE,Medium,10,15,136,YES,7d6+2,N/A,65,10.00,NO,NO,NO,NO,NO,NO,NO,NO,NO,NO,NO,Monster Manual
Young Remorhaz,Monstrosity,U,Large,5,14,93,NO,3d10+2d6+4,N/A,258,5.00,YES,NO,NO,NO,NO,NO,NO,NO,NO,NO,NO,Monster Manual
Yuan-Ti Abomination,Monstrosity,NE,Large,7,15,127,YES,4d6+4,2d6+4,308,7.00,NO,NO,YES,YES,NO,NO,NO,YES,NO,NO,YES,Monster Manual
Yuan-ti Anathema,Monstrosity,NE,Huge,12,16,189,YES,2d6+6,3d6+6,,,NO,NO,YES,NO,NO,NO,NO,NO,YES,NO,NO,Volo's Guide to Monsters
Yuan-ti Broodguard,Humanoid,NE,Medium,2,14,45,NO,1d8+2,1d6+2,203,,NO,NO,YES,YES,NO,NO,NO,NO,YES,NO,NO,Volo's Guide to Monsters
Yuan-Ti Malison,Monstrosity,NE,Medium,3,12,66,YES,VARIES,N/A,309,3.00,NO,NO,YES,YES,NO,NO,NO,YES,NO,NO,YES,Monster Manual
Yuan-ti Mind Whisperer,Monstrosity,NE,Medium,4,14,71,YES,1d4+3,1d6+3,204,,NO,NO,YES,YES,NO,NO,NO,NO,YES,NO,NO,Volo's Guide to Monsters
Yuan-ti Nightmare Speaker,Monstrosity,NE,Medium,4,14,71,YES,2d6+3,1d6+3,205,,NO,NO,YES,YES,NO,NO,NO,NO,YES,NO,NO,Volo's Guide to Monsters
Yuan-ti Pit Master,Monstrosity,NE,Medium,5,14,88,YES,1d4+3,N/A,206,,NO,NO,YES,YES,NO,NO,NO,NO,YES,NO,NO,Volo's Guide to Monsters
Yuan-Ti Pureblood,Monstrosity,NE,Medium,1,11,40,YES,1d6+1,1d6+1,310,1.00,NO,NO,YES,YES,NO,NO,NO,YES,NO,NO,YES,Monster Manual
Zombie,Undead,NE,Medium,1/4,8,22,NO,1d6+1,N/A,316,0.25,NO,NO,NO,NO,NO,NO,NO,NO,NO,NO,YES,Monster Manual
,,,,,,,,,,,,,,,,,,,,,,,
,,,,,,,,,,,,,,,,,,,,,,,
,,,,,,,,,,,,,,,,,,,,,,,
,,,,,,,,,,,,,,,,,,,,,,,
,,,,,,,,,,,,,,,,,,,,,,,
,,,,,,,,,,,,,,,,,,,,,,,
,,,,,,,,,,,,,,,,,,,,,,,
,,,,,,,,,,,,,,,,,,,,,,,
,,,,,,,,,,,,,,,,,,,,,,,
,,,,,,,,,,,,,,,,,,,,,,,
,,,,,,,,,,,,,,,,,,,,,,,
,,,,,,,,,,,,,,,,,,,,,,,
,,,,,,,,,,,,,,,,,,,,,,,
,,,,,,,,,,,,,,,,,,,,,,,
,,,,,,,,,,,,,,,,,,,,,,,
,,,,,,,,,,,,,,,,,,,,,,,
,,,,,,,,,,,,,,,,,,,,,,,
,,,,,,,,,,,,,,,,,,,,,,,
,,,,,,,,,,,,,,,,,,,,,,,
,,,,,,,,,,,,,,,,,,,,,,,
,,,,,,,,,,,,,,,,,,,,,,,
,,,,,,,,,,,,,,,,,,,,,,,
,,,,,,,,,,,,,,,,,,,,,,,
,,,,,,,,,,,,,,,,,,,,,,,
,,,,,,,,,,,,,,,,,,,,,,,
,,,,,,,,,,,,,,,,,,,,,,,
,,,,,,,,,,,,,,,,,,,,,,,
,,,,,,,,,,,,,,,,,,,,,,,
,,,,,,,,,,,,,,,,,,,,,,,
,,,,,,,,,,,,,,,,,,,,,,,
,,,,,,,,,,,,,,,,,,,,,,,
,,,,,,,,,,,,,,,,,,,,,,,
,,,,,,,,,,,,,,,,,,,,,,,
,,,,,,,,,,,,,,,,,,,,,,,
,,,,,,,,,,,,,,,,,,,,,,,
,,,,,,,,,,,,,,,,,,,,,,,
,,,,,,,,,,,,,,,,,,,,,,,
,,,,,,,,,,,,,,,,,,,,,,,
,,,,,,,,,,,,,,,,,,,,,,,
,,,,,,,,,,,,,,,,,,,,,,,
,,,,,,,,,,,,,,,,,,,,,,,
,,,,,,,,,,,,,,,,,,,,,,,
,,,,,,,,,,,,,,,,,,,,,,,
,,,,,,,,,,,,,,,,,,,,,,,
,,,,,,,,,,,,,,,,,,,,,,,
,,,,,,,,,,,,,,,,,,,,,,,
,,,,,,,,,,,,,,,,,,,,,,,
,,,,,,,,,,,,,,,,,,,,,,,
,,,,,,,,,,,,,,,,,,,,,,,
,,,,,,,,,,,,,,,,,,,,,,,
,,,,,,,,,,,,,,,,,,,,,,,
,,,,,,,,,,,,,,,,,,,,,,,
,,,,,,,,,,,,,,,,,,,,,,,
,,,,,,,,,,,,,,,,,,,,,,,
,,,,,,,,,,,,,,,,,,,,,,,
,,,,,,,,,,,,,,,,,,,,,,,
,,,,,,,,,,,,,,,,,,,,,,,
,,,,,,,,,,,,,,,,,,,,,,,
,,,,,,,,,,,,,,,,,,,,,,,
,,,,,,,,,,,,,,,,,,,,,,,
,,,,,,,,,,,,,,,,,,,,,,,
,,,,,,,,,,,,,,,,,,,,,,,
,,,,,,,,,,,,,,,,,,,,,,,
,,,,,,,,,,,,,,,,,,,,,,,
,,,,,,,,,,,,,,,,,,,,,,,
,,,,,,,,,,,,,,,,,,,,,,,
,,,,,,,,,,,,,,,,,,,,,,,
,,,,,,,,,,,,,,,,,,,,,,,
,,,,,,,,,,,,,,,,,,,,,,,
,,,,,,,,,,,,,,,,,,,,,,,
,,,,,,,,,,,,,,,,,,,,,,,
,,,,,,,,,,,,,,,,,,,,,,,
,,,,,,,,,,,,,,,,,,,,,,,
,,,,,,,,,,,,,,,,,,,,,,,
,,,,,,,,,,,,,,,,,,,,,,,
,,,,,,,,,,,,,,,,,,,,,,,
,,,,,,,,,,,,,,,,,,,,,,,
,,,,,,,,,,,,,,,,,,,,,,,
,,,,,,,,,,,,,,,,,,,,,,,
,,,,,,,,,,,,,,,,,,,,,,,
,,,,,,,,,,,,,,,,,,,,,,,
,,,,,,,,,,,,,,,,,,,,,,,
,,,,,,,,,,,,,,,,,,,,,,,
,,,,,,,,,,,,,,,,,,,,,,,
,,,,,,,,,,,,,,,,,,,,,,,
,,,,,,,,,,,,,,,,,,,,,,,
,,,,,,,,,,,,,,,,,,,,,,,
,,,,,,,,,,,,,,,,,,,,,,,
,,,,,,,,,,,,,,,,,,,,,,,
,,,,,,,,,,,,,,,,,,,,,,,
,,,,,,,,,,,,,,,,,,,,,,,
,,,,,,,,,,,,,,,,,,,,,,,
,,,,,,,,,,,,,,,,,,,,,,,
,,,,,,,,,,,,,,,,,,,,,,,
,,,,,,,,,,,,,,,,,,,,,,,
,,,,,,,,,,,,,,,,,,,,,,,
,,,,,,,,,,,,,,,,,,,,,,,
,,,,,,,,,,,,,,,,,,,,,,,
,,,,,,,,,,,,,,,,,,,,,,,
,,,,,,,,,,,,,,,,,,,,,,,
,,,,,,,,,,,,,,,,,,,,,,,
,,,,,,,,,,,,,,,,,,,,,,,
,,,,,,,,,,,,,,,,,,,,,,,
,,,,,,,,,,,,,,,,,,,,,,,
,,,,,,,,,,,,,,,,,,,,,,,
,,,,,,,,,,,,,,,,,,,,,,,
,,,,,,,,,,,,,,,,,,,,,,,
,,,,,,,,,,,,,,,,,,,,,,,
,,,,,,,,,,,,,,,,,,,,,,,
,,,,,,,,,,,,,,,,,,,,,,,
,,,,,,,,,,,,,,,,,,,,,,,
,,,,,,,,,,,,,,,,,,,,,,,
,,,,,,,,,,,,,,,,,,,,,,,
,,,,,,,,,,,,,,,,,,,,,,,
,,,,,,,,,,,,,,,,,,,,,,,
,,,,,,,,,,,,,,,,,,,,,,,
,,,,,,,,,,,,,,,,,,,,,,,
,,,,,,,,,,,,,,,,,,,,,,,
,,,,,,,,,,,,,,,,,,,,,,,
,,,,,,,,,,,,,,,,,,,,,,,
,,,,,,,,,,,,,,,,,,,,,,,
,,,,,,,,,,,,,,,,,,,,,,,
,,,,,,,,,,,,,,,,,,,,,,,
,,,,,,,,,,,,,,,,,,,,,,,
,,,,,,,,,,,,,,,,,,,,,,,
,,,,,,,,,,,,,,,,,,,,,,,
,,,,,,,,,,,,,,,,,,,,,,,
,,,,,,,,,,,,,,,,,,,,,,,
,,,,,,,,,,,,,,,,,,,,,,,
,,,,,,,,,,,,,,,,,,,,,,,
,,,,,,,,,,,,,,,,,,,,,,,
,,,,,,,,,,,,,,,,,,,,,,,
,,,,,,,,,,,,,,,,,,,,,,,
,,,,,,,,,,,,,,,,,,,,,,,
,,,,,,,,,,,,,,,,,,,,,,,
,,,,,,,,,,,,,,,,,,,,,,,
,,,,,,,,,,,,,,,,,,,,,,,
,,,,,,,,,,,,,,,,,,,,,,,
,,,,,,,,,,,,,,,,,,,,,,,
,,,,,,,,,,,,,,,,,,,,,,,
,,,,,,,,,,,,,,,,,,,,,,,
,,,,,,,,,,,,,,,,,,,,,,,
,,,,,,,,,,,,,,,,,,,,,,,
,,,,,,,,,,,,,,,,,,,,,,,
,,,,,,,,,,,,,,,,,,,,,,,
,,,,,,,,,,,,,,,,,,,,,,,
,,,,,,,,,,,,,,,,,,,,,,,
,,,,,,,,,,,,,,,,,,,,,,,
,,,,,,,,,,,,,,,,,,,,,,,
,,,,,,,,,,,,,,,,,,,,,,,
,,,,,,,,,,,,,,,,,,,,,,,
,,,,,,,,,,,,,,,,,,,,,,,
,,,,,,,,,,,,,,,,,,,,,,,
,,,,,,,,,,,,,,,,,,,,,,,
,,,,,,,,,,,,,,,,,,,,,,,
,,,,,,,,,,,,,,,,,,,,,,,
,,,,,,,,,,,,,,,,,,,,,,,
,,,,,,,,,,,,,,,,,,,,,,,
,,,,,,,,,,,,,,,,,,,,,,,
,,,,,,,,,,,,,,,,,,,,,,,
,,,,,,,,,,,,,,,,,,,,,,,
,,,,,,,,,,,,,,,,,,,,,,,
,,,,,,,,,,,,,,,,,,,,,,,
,,,,,,,,,,,,,,,,,,,,,,,
,,,,,,,,,,,,,,,,,,,,,,,
,,,,,,,,,,,,,,,,,,,,,,,
,,,,,,,,,,,,,,,,,,,,,,,
,,,,,,,,,,,,,,,,,,,,,,,
,,,,,,,,,,,,,,,,,,,,,,,
,,,,,,,,,,,,,,,,,,,,,,,
,,,,,,,,,,,,,,,,,,,,,,,
,,,,,,,,,,,,,,,,,,,,,,,
,,,,,,,,,,,,,,,,,,,,,,,
,,,,,,,,,,,,,,,,,,,,,,,
,,,,,,,,,,,,,,,,,,,,,,,
,,,,,,,,,,,,,,,,,,,,,,,
,,,,,,,,,,,,,,,,,,,,,,,
,,,,,,,,,,,,,,,,,,,,,,,
,,,,,,,,,,,,,,,,,,,,,,,
,,,,,,,,,,,,,,,,,,,,,,,
,,,,,,,,,,,,,,,,,,,,,,,
,,,,,,,,,,,,,,,,,,,,,,,
,,,,,,,,,,,,,,,,,,,,,,,
,,,,,,,,,,,,,,,,,,,,,,,
,,,,,,,,,,,,,,,,,,,,,,,
,,,,,,,,,,,,,,,,,,,,,,,
,,,,,,,,,,,,,,,,,,,,,,,
,,,,,,,,,,,,,,,,,,,,,,,
,,,,,,,,,,,,,,,,,,,,,,,
,,,,,,,,,,,,,,,,,,,,,,,
,,,,,,,,,,,,,,,,,,,,,,,
,,,,,,,,,,,,,,,,,,,,,,,
,,,,,,,,,,,,,,,,,,,,,,,
,,,,,,,,,,,,,,,,,,,,,,,
,,,,,,,,,,,,,,,,,,,,,,,
,,,,,,,,,,,,,,,,,,,,,,,
,,,,,,,,,,,,,,,,,,,,,,,
,,,,,,,,,,,,,,,,,,,,,,,
,,,,,,,,,,,,,,,,,,,,,,,
,,,,,,,,,,,,,,,,,,,,,,,
,,,,,,,,,,,,,,,,,,,,,,,
,,,,,,,,,,,,,,,,,,,,,,,
,,,,,,,,,,,,,,,,,,,,,,,
,,,,,,,,,,,,,,,,,,,,,,,
,,,,,,,,,,,,,,,,,,,,,,,
,,,,,,,,,,,,,,,,,,,,,,,
,,,,,,,,,,,,,,,,,,,,,,,
,,,,,,,,,,,,,,,,,,,,,,,
,,,,,,,,,,,,,,,,,,,,,,,
,,,,,,,,,,,,,,,,,,,,,,,
,,,,,,,,,,,,,,,,,,,,,,,
,,,,,,,,,,,,,,,,,,,,,,,
,,,,,,,,,,,,,,,,,,,,,,,
,,,,,,,,,,,,,,,,,,,,,,,
,,,,,,,,,,,,,,,,,,,,,,,
,,,,,,,,,,,,,,,,,,,,,,,
,,,,,,,,,,,,,,,,,,,,,,,
,,,,,,,,,,,,,,,,,,,,,,,
,,,,,,,,,,,,,,,,,,,,,,,
,,,,,,,,,,,,,,,,,,,,,,,
,,,,,,,,,,,,,,,,,,,,,,,
,,,,,,,,,,,,,,,,,,,,,,,
,,,,,,,,,,,,,,,,,,,,,,,
,,,,,,,,,,,,,,,,,,,,,,,
,,,,,,,,,,,,,,,,,,,,,,,
,,,,,,,,,,,,,,,,,,,,,,,
,,,,,,,,,,,,,,,,,,,,,,,
,,,,,,,,,,,,,,,,,,,,,,,
,,,,,,,,,,,,,,,,,,,,,,,
,,,,,,,,,,,,,,,,,,,,,,,
,,,,,,,,,,,,,,,,,,,,,,,
,,,,,,,,,,,,,,,,,,,,,,,
,,,,,,,,,,,,,,,,,,,,,,,
,,,,,,,,,,,,,,,,,,,,,,,
,,,,,,,,,,,,,,,,,,,,,,,
,,,,,,,,,,,,,,,,,,,,,,,
,,,,,,,,,,,,,,,,,,,,,,,
,,,,,,,,,,,,,,,,,,,,,,,
,,,,,,,,,,,,,,,,,,,,,,,
,,,,,,,,,,,,,,,,,,,,,,,
,,,,,,,,,,,,,,,,,,,,,,,
,,,,,,,,,,,,,,,,,,,,,,,
,,,,,,,,,,,,,,,,,,,,,,,
,,,,,,,,,,,,,,,,,,,,,,,
,,,,,,,,,,,,,,,,,,,,,,,
,,,,,,,,,,,,,,,,,,,,,,,
,,,,,,,,,,,,,,,,,,,,,,,
,,,,,,,,,,,,,,,,,,,,,,,
,,,,,,,,,,,,,,,,,,,,,,,
,,,,,,,,,,,,,,,,,,,,,,,
,,,,,,,,,,,,,,,,,,,,,,,
,,,,,,,,,,,,,,,,,,,,,,,
,,,,,,,,,,,,,,,,,,,,,,,
,,,,,,,,,,,,,,,,,,,,,,,
,,,,,,,,,,,,,,,,,,,,,,,
,,,,,,,,,,,,,,,,,,,,,,,
,,,,,,,,,,,,,,,,,,,,,,,
,,,,,,,,,,,,,,,,,,,,,,,
,,,,,,,,,,,,,,,,,,,,,,,
,,,,,,,,,,,,,,,,,,,,,,,
,,,,,,,,,,,,,,,,,,,,,,,
,,,,,,,,,,,,,,,,,,,,,,,
,,,,,,,,,,,,,,,,,,,,,,,
,,,,,,,,,,,,,,,,,,,,,,,
,,,,,,,,,,,,,,,,,,,,,,,
,,,,,,,,,,,,,,,,,,,,,,,
,,,,,,,,,,,,,,,,,,,,,,,
,,,,,,,,,,,,,,,,,,,,,,,
,,,,,,,,,,,,,,,,,,,,,,,
,,,,,,,,,,,,,,,,,,,,,,,
,,,,,,,,,,,,,,,,,,,,,,,
,,,,,,,,,,,,,,,,,,,,,,,
,,,,,,,,,,,,,,,,,,,,,,,
,,,,,,,,,,,,,,,,,,,,,,,
,,,,,,,,,,,,,,,,,,,,,,,
,,,,,,,,,,,,,,,,,,,,,,,
,,,,,,,,,,,,,,,,,,,,,,,
,,,,,,,,,,,,,,,,,,,,,,,
,,,,,,,,,,,,,,,,,,,,,,,
,,,,,,,,,,,,,,,,,,,,,,,
,,,,,,,,,,,,,,,,,,,,,,,
,,,,,,,,,,,,,,,,,,,,,,,
,,,,,,,,,,,,,,,,,,,,,,,
,,,,,,,,,,,,,,,,,,,,,,,
,,,,,,,,,,,,,,,,,,,,,,,
,,,,,,,,,,,,,,,,,,,,,,,
,,,,,,,,,,,,,,,,,,,,,,,
,,,,,,,,,,,,,,,,,,,,,,,
,,,,,,,,,,,,,,,,,,,,,,,
,,,,,,,,,,,,,,,,,,,,,,,
,,,,,,,,,,,,,,,,,,,,,,,
,,,,,,,,,,,,,,,,,,,,,,,
,,,,,,,,,,,,,,,,,,,,,,,
,,,,,,,,,,,,,,,,,,,,,,,
,,,,,,,,,,,,,,,,,,,,,,,
,,,,,,,,,,,,,,,,,,,,,,,
,,,,,,,,,,,,,,,,,,,,,,,
,,,,,,,,,,,,,,,,,,,,,,,
,,,,,,,,,,,,,,,,,,,,,,,
,,,,,,,,,,,,,,,,,,,,,,,
,,,,,,,,,,,,,,,,,,,,,,,
,,,,,,,,,,,,,,,,,,,,,,,
,,,,,,,,,,,,,,,,,,,,,,,
,,,,,,,,,,,,,,,,,,,,,,,
,,,,,,,,,,,,,,,,,,,,,,,
,,,,,,,,,,,,,,,,,,,,,,,
,,,,,,,,,,,,,,,,,,,,,,,
,,,,,,,,,,,,,,,,,,,,,,,
,,,,,,,,,,,,,,,,,,,,,,,
,,,,,,,,,,,,,,,,,,,,,,,
,,,,,,,,,,,,,,,,,,,,,,,
,,,,,,,,,,,,,,,,,,,,,,,
,,,,,,,,,,,,,,,,,,,,,,,
,,,,,,,,,,,,,,,,,,,,,,,
,,,,,,,,,,,,,,,,,,,,,,,
,,,,,,,,,,,,,,,,,,,,,,,
,,,,,,,,,,,,,,,,,,,,,,,
,,,,,,,,,,,,,,,,,,,,,,,
,,,,,,,,,,,,,,,,,,,,,,,
,,,,,,,,,,,,,,,,,,,,,,,
,,,,,,,,,,,,,,,,,,,,,,,
,,,,,,,,,,,,,,,,,,,,,,,
,,,,,,,,,,,,,,,,,,,,,,,
,,,,,,,,,,,,,,,,,,,,,,,
,,,,,,,,,,,,,,,,,,,,,,,
,,,,,,,,,,,,,,,,,,,,,,,
,,,,,,,,,,,,,,,,,,,,,,,
,,,,,,,,,,,,,,,,,,,,,,,
,,,,,,,,,,,,,,,,,,,,,,,
,,,,,,,,,,,,,,,,,,,,,,,
,,,,,,,,,,,,,,,,,,,,,,,
,,,,,,,,,,,,,,,,,,,,,,,
,,,,,,,,,,,,,,,,,,,,,,,
,,,,,,,,,,,,,,,,,,,,,,,
,,,,,,,,,,,,,,,,,,,,,,,
,,,,,,,,,,,,,,,,,,,,,,,
,,,,,,,,,,,,,,,,,,,,,,,
,,,,,,,,,,,,,,,,,,,,,,,
,,,,,,,,,,,,,,,,,,,,,,,
,,,,,,,,,,,,,,,,,,,,,,,
,,,,,,,,,,,,,,,,,,,,,,,
,,,,,,,,,,,,,,,,,,,,,,,
,,,,,,,,,,,,,,,,,,,,,,,
,,,,,,,,,,,,,,,,,,,,,,,
,,,,,,,,,,,,,,,,,,,,,,,
,,,,,,,,,,,,,,,,,,,,,,,
,,,,,,,,,,,,,,,,,,,,,,,
,,,,,,,,,,,,,,,,,,,,,,,
,,,,,,,,,,,,,,,,,,,,,,,
,,,,,,,,,,,,,,,,,,,,,,,
,,,,,,,,,,,,,,,,,,,,,,,
,,,,,,,,,,,,,,,,,,,,,,,
,,,,,,,,,,,,,,,,,,,,,,,
,,,,,,,,,,,,,,,,,,,,,,,
,,,,,,,,,,,,,,,,,,,,,,,
,,,,,,,,,,,,,,,,,,,,,,,
,,,,,,,,,,,,,,,,,,,,,,,
,,,,,,,,,,,,,,,,,,,,,,,
,,,,,,,,,,,,,,,,,,,,,,,
,,,,,,,,,,,,,,,,,,,,,,,
,,,,,,,,,,,,,,,,,,,,,,,
,,,,,,,,,,,,,,,,,,,,,,,
,,,,,,,,,,,,,,,,,,,,,,,
,,,,,,,,,,,,,,,,,,,,,,,
,,,,,,,,,,,,,,,,,,,,,,,
,,,,,,,,,,,,,,,,,,,,,,,
,,,,,,,,,,,,,,,,,,,,,,,
,,,,,,,,,,,,,,,,,,,,,,,
,,,,,,,,,,,,,,,,,,,,,,,
,,,,,,,,,,,,,,,,,,,,,,,
,,,,,,,,,,,,,,,,,,,,,,,
,,,,,,,,,,,,,,,,,,,,,,,
,,,,,,,,,,,,,,,,,,,,,,,
,,,,,,,,,,,,,,,,,,,,,,,
,,,,,,,,,,,,,,,,,,,,,,,
,,,,,,,,,,,,,,,,,,,,,,,
,,,,,,,,,,,,,,,,,,,,,,,
,,,,,,,,,,,,,,,,,,,,,,,
,,,,,,,,,,,,,,,,,,,,,,,
,,,,,,,,,,,,,,,,,,,,,,,
,,,,,,,,,,,,,,,,,,,,,,,
,,,,,,,,,,,,,,,,,,,,,,,
,,,,,,,,,,,,,,,,,,,,,,,
,,,,,,,,,,,,,,,,,,,,,,,
,,,,,,,,,,,,,,,,,,,,,,,
,,,,,,,,,,,,,,,,,,,,,,,
,,,,,,,,,,,,,,,,,,,,,,,
,,,,,,,,,,,,,,,,,,,,,,,
,,,,,,,,,,,,,,,,,,,,,,,
,,,,,,,,,,,,,,,,,,,,,,,
,,,,,,,,,,,,,,,,,,,,,,,
,,,,,,,,,,,,,,,,,,,,,,,
,,,,,,,,,,,,,,,,,,,,,,,
,,,,,,,,,,,,,,,,,,,,,,,
,,,,,,,,,,,,,,,,,,,,,,,
,,,,,,,,,,,,,,,,,,,,,,,
,,,,,,,,,,,,,,,,,,,,,,,
,,,,,,,,,,,,,,,,,,,,,,,
,,,,,,,,,,,,,,,,,,,,,,,
,,,,,,,,,,,,,,,,,,,,,,,
,,,,,,,,,,,,,,,,,,,,,,,
,,,,,,,,,,,,,,,,,,,,,,,
,,,,,,,,,,,,,,,,,,,,,,,
,,,,,,,,,,,,,,,,,,,,,,,
,,,,,,,,,,,,,,,,,,,,,,,
,,,,,,,,,,,,,,,,,,,,,,,
,,,,,,,,,,,,,,,,,,,,,,,
,,,,,,,,,,,,,,,,,,,,,,,
,,,,,,,,,,,,,,,,,,,,,,,
,,,,,,,,,,,,,,,,,,,,,,,
,,,,,,,,,,,,,,,,,,,,,,,
,,,,,,,,,,,,,,,,,,,,,,,
,,,,,,,,,,,,,,,,,,,,,,,
,,,,,,,,,,,,,,,,,,,,,,,
,,,,,,,,,,,,,,,,,,,,,,,
,,,,,,,,,,,,,,,,,,,,,,,
,,,,,,,,,,,,,,,,,,,,,,,
,,,,,,,,,,,,,,,,,,,,,,,
,,,,,,,,,,,,,,,,,,,,,,,
,,,,,,,,,,,,,,,,,,,,,,,
,,,,,,,,,,,,,,,,,,,,,,,
,,,,,,,,,,,,,,,,,,,,,,,
,,,,,,,,,,,,,,,,,,,,,,,
,,,,,,,,,,,,,,,,,,,,,,,
,,,,,,,,,,,,,,,,,,,,,,,
,,,,,,,,,,,,,,,,,,,,,,,
,,,,,,,,,,,,,,,,,,,,,,,
,,,,,,,,,,,,,,,,,,,,,,,
,,,,,,,,,,,,,,,,,,,,,,,
,,,,,,,,,,,,,,,,,,,,,,,
,,,,,,,,,,,,,,,,,,,,,,,
,,,,,,,,,,,,,,,,,,,,,,,
,,,,,,,,,,,,,,,,,,,,,,,
,,,,,,,,,,,,,,,,,,,,,,,
,,,,,,,,,,,,,,,,,,,,,,,
,,,,,,,,,,,,,,,,,,,,,,,
,,,,,,,,,,,,,,,,,,,,,,,
,,,,,,,,,,,,,,,,,,,,,,,
,,,,,,,,,,,,,,,,,,,,,,,
,,,,,,,,,,,,,,,,,,,,,,,
,,,,,,,,,,,,,,,,,,,,,,,
,,,,,,,,,,,,,,,,,,,,,,,
,,,,,,,,,,,,,,,,,,,,,,,